Station,Year,Month,Day,Hour,Waterlevel,Station.1,Year.1,Month.1,Day.1,Hour.1,Waterlevel.1,Waterlevel.2,Station.2,Year.2,Month.2,Day.2,Hour.2,Waterlevel.3,Date_Time,RF-Station,RF-Intensity,RF-Intensity.1,RF-Station.1,RF-Intensity.2,RF-Intensity.3,Humidity,Precipitation,Temperature,Temperature.1,Humidity.1,Precipitation.1,Temperature.2,Humidity.2,Precipitation.2
Nangka,2023,12,1,22,15.93,Sto Nino,2023,12,1,22,11.74,11.74,Montalban,2023,12,1,22,21.56,2023-12-01 22:00:00,Nangka,0.0,0.0,Mt. Oro,1.0,1.0,18.24081736376197,0.0,28.0,28.0,18.24081736376197,0.0,28.0,18.24081736376197,0.0
Nangka,2023,12,1,23,15.93,Sto Nino,2023,12,1,23,11.76,11.76,Montalban,2023,12,1,23,21.56,2023-12-01 23:00:00,Nangka,0.0,0.0,Mt. Oro,0.0,0.0,19.286538263281873,1.0,27.0,27.0,19.286538263281873,1.0,27.0,19.286538263281873,1.0
Nangka,2023,12,2,0,15.93,Sto Nino,2023,12,2,0,11.78,11.78,Montalban,2023,12,2,0,21.56,2023-12-02 00:00:00,Nangka,0.0,0.0,Mt. Oro,1.0,1.0,18.14816346627618,1.0,27.7,27.7,18.14816346627618,1.0,27.7,18.14816346627618,1.0
Nangka,2023,12,2,1,15.93,Sto Nino,2023,12,2,1,11.75,11.75,Montalban,2023,12,2,1,21.56,2023-12-02 01:00:00,Nangka,0.0,0.0,Mt. Oro,0.0,0.0,18.03772164455154,2.0,27.4,27.4,18.03772164455154,2.0,27.4,18.03772164455154,2.0
Nangka,2023,12,2,2,15.93,Sto Nino,2023,12,2,2,11.77,11.77,Montalban,2023,12,2,2,21.56,2023-12-02 02:00:00,Nangka,0.0,0.0,Mt. Oro,0.0,0.0,18.747896131963753,1.0,25.3,25.3,18.747896131963753,1.0,25.3,18.747896131963753,1.0
Nangka,2023,12,2,3,15.93,Sto Nino,2023,12,2,3,11.76,11.76,Montalban,2023,12,2,3,21.56,2023-12-02 03:00:00,Nangka,0.0,0.0,Mt. Oro,0.0,0.0,18.166475399714223,0.75,27.0,27.0,18.166475399714223,0.75,27.0,18.166475399714223,0.75
Nangka,2023,12,2,4,15.93,Sto Nino,2023,12,2,4,11.76,11.76,Montalban,2023,12,2,4,21.56,2023-12-02 04:00:00,Nangka,0.0,0.0,Mt. Oro,0.0,0.0,18.389389613699596,0.25,26.8,26.8,18.389389613699596,0.25,26.8,18.389389613699596,0.25
Nangka,2023,12,2,5,15.93,Sto Nino,2023,12,2,5,11.74,11.74,Montalban,2023,12,2,5,21.56,2023-12-02 05:00:00,Nangka,0.0,0.0,Mt. Oro,0.0,0.0,17.106519523836905,0.0,24.5,24.5,17.106519523836905,0.0,24.5,17.106519523836905,0.0
Nangka,2023,12,2,6,15.93,Sto Nino,2023,12,2,6,11.72,11.72,Montalban,2023,12,2,6,21.56,2023-12-02 06:00:00,Nangka,0.0,0.0,Mt. Oro,0.0,0.0,18.37085049952466,0.0,27.5,27.5,18.37085049952466,0.0,27.5,18.37085049952466,0.0
Nangka,2023,12,2,7,15.93,Sto Nino,2023,12,2,7,11.68,11.68,Montalban,2023,12,2,7,21.56,2023-12-02 07:00:00,Nangka,0.0,0.0,Mt. Oro,0.0,0.0,18.37085049952466,0.0,28.3,28.3,18.37085049952466,0.0,28.3,18.37085049952466,0.0
Nangka,2023,12,2,8,15.93,Sto Nino,2023,12,2,8,11.68,11.68,Montalban,2023,12,2,8,21.56,2023-12-02 08:00:00,Nangka,0.0,0.0,Mt. Oro,0.0,0.0,19.758813864406157,0.0,28.8,28.8,19.758813864406157,0.0,28.8,19.758813864406157,0.0
Nangka,2023,12,2,9,15.93,Sto Nino,2023,12,2,9,11.68,11.68,Montalban,2023,12,2,9,21.56,2023-12-02 09:00:00,Nangka,0.0,0.0,Mt. Oro,0.0,0.0,18.129888412775212,0.0,29.8,29.8,18.129888412775212,0.0,29.8,18.129888412775212,0.0
Nangka,2023,12,2,10,15.93,Sto Nino,2023,12,2,10,11.67,11.67,Montalban,2023,12,2,10,21.56,2023-12-02 10:00:00,Nangka,0.0,0.0,Mt. Oro,0.0,0.0,18.019559009884464,0.0,30.7,30.7,18.019559009884464,0.0,30.7,18.019559009884464,0.0
Nangka,2023,12,2,11,15.93,Sto Nino,2023,12,2,11,11.68,11.68,Montalban,2023,12,2,11,21.56,2023-12-02 11:00:00,Nangka,0.0,0.0,Mt. Oro,0.0,0.0,18.16763384336509,0.0,31.8,31.8,18.16763384336509,0.0,31.8,18.16763384336509,0.0
Nangka,2023,12,2,12,15.93,Sto Nino,2023,12,2,12,11.67,11.67,Montalban,2023,12,2,12,21.56,2023-12-02 12:00:00,Nangka,0.0,0.0,Mt. Oro,0.0,0.0,17.818627111074914,0.0,31.7,31.7,17.818627111074914,0.0,31.7,17.818627111074914,0.0
Nangka,2023,12,2,13,15.93,Sto Nino,2023,12,2,13,11.69,11.69,Montalban,2023,12,2,13,21.56,2023-12-02 13:00:00,Nangka,0.0,0.0,Mt. Oro,0.0,0.0,17.619654059961988,0.0,32.0,32.0,17.619654059961988,0.0,32.0,17.619654059961988,0.0
Nangka,2023,12,2,14,15.93,Sto Nino,2023,12,2,14,11.68,11.68,Montalban,2023,12,2,14,21.56,2023-12-02 14:00:00,Nangka,0.0,0.0,Mt. Oro,0.0,0.0,17.459231390113622,0.0,33.2,33.2,17.459231390113622,0.0,33.2,17.459231390113622,0.0
Nangka,2023,12,2,15,15.93,Sto Nino,2023,12,2,15,11.69,11.69,Montalban,2023,12,2,15,21.56,2023-12-02 15:00:00,Nangka,0.0,0.0,Mt. Oro,0.0,0.0,17.529741922852278,0.0,31.6,31.6,17.529741922852278,0.0,31.6,17.529741922852278,0.0
Nangka,2023,12,2,16,15.93,Sto Nino,2023,12,2,16,11.71,11.71,Montalban,2023,12,2,16,21.56,2023-12-02 16:00:00,Nangka,0.0,0.0,Mt. Oro,0.0,0.0,17.529741922852278,0.0,31.0,31.0,17.529741922852278,0.0,31.0,17.529741922852278,0.0
Nangka,2023,12,2,17,15.93,Sto Nino,2023,12,2,17,11.72,11.72,Montalban,2023,12,2,17,21.56,2023-12-02 17:00:00,Nangka,0.0,0.0,Mt. Oro,0.0,0.0,15.497533426449143,0.0,30.2,30.2,15.497533426449143,0.0,30.2,15.497533426449143,0.0
Nangka,2023,12,2,18,15.93,Sto Nino,2023,12,2,18,11.71,11.71,Montalban,2023,12,2,18,21.56,2023-12-02 18:00:00,Nangka,0.0,0.0,Mt. Oro,0.0,0.0,17.818627111074914,0.0,30.0,30.0,17.818627111074914,0.0,30.0,17.818627111074914,0.0
Nangka,2023,12,2,19,15.93,Sto Nino,2023,12,2,19,11.71,11.71,Montalban,2023,12,2,19,21.56,2023-12-02 19:00:00,Nangka,0.0,0.0,Mt. Oro,0.0,0.0,17.476805791555982,0.0,29.4,29.4,17.476805791555982,0.0,29.4,17.476805791555982,0.0
Nangka,2023,12,2,20,15.93,Sto Nino,2023,12,2,20,11.71,11.71,Montalban,2023,12,2,20,21.56,2023-12-02 20:00:00,Nangka,0.0,0.0,Mt. Oro,0.0,0.0,16.96773077835016,0.0,26.0,26.0,16.96773077835016,0.0,26.0,16.96773077835016,0.0
Nangka,2023,12,2,21,15.93,Sto Nino,2023,12,2,21,11.71,11.71,Montalban,2023,12,2,21,21.56,2023-12-02 21:00:00,Nangka,0.0,0.0,Mt. Oro,0.0,0.0,17.263802420610716,0.0,28.5,28.5,17.263802420610716,0.0,28.5,17.263802420610716,0.0
Nangka,2023,12,2,22,15.93,Sto Nino,2023,12,2,22,11.72,11.72,Montalban,2023,12,2,22,21.56,2023-12-02 22:00:00,Nangka,0.0,0.0,Mt. Oro,0.0,0.0,17.263802420610716,0.0,28.0,28.0,17.263802420610716,0.0,28.0,17.263802420610716,0.0
Nangka,2023,12,2,23,15.93,Sto Nino,2023,12,2,23,11.74,11.74,Montalban,2023,12,2,23,21.56,2023-12-02 23:00:00,Nangka,0.0,0.0,Mt. Oro,0.0,0.0,16.555273612053604,0.0,24.8,24.8,16.555273612053604,0.0,24.8,16.555273612053604,0.0
Nangka,2023,12,3,0,15.93,Sto Nino,2023,12,3,0,11.76,11.76,Montalban,2023,12,3,0,21.56,2023-12-03 00:00:00,Nangka,0.0,0.0,Mt. Oro,0.0,0.0,17.37001419053554,0.0,27.2,27.2,17.37001419053554,0.0,27.2,17.37001419053554,0.0
Nangka,2023,12,3,1,15.93,Sto Nino,2023,12,3,1,11.78,11.78,Montalban,2023,12,3,1,21.56,2023-12-03 01:00:00,Nangka,0.0,0.0,Mt. Oro,0.0,0.0,17.37001419053554,0.0,27.0,27.0,17.37001419053554,0.0,27.0,17.37001419053554,0.0
Nangka,2023,12,3,2,15.93,Sto Nino,2023,12,3,2,11.77,11.77,Montalban,2023,12,3,2,21.56,2023-12-03 02:00:00,Nangka,0.0,0.0,Mt. Oro,0.0,0.0,15.77274593974819,0.5,24.2,24.2,15.77274593974819,0.5,24.2,15.77274593974819,0.5
Nangka,2023,12,3,3,15.93,Sto Nino,2023,12,3,3,11.75,11.75,Montalban,2023,12,3,3,21.56,2023-12-03 03:00:00,Nangka,0.0,0.0,Mt. Oro,0.0,0.0,17.387515278646227,0.0,26.5,26.5,17.387515278646227,0.0,26.5,17.387515278646227,0.0
Nangka,2023,12,3,4,15.93,Sto Nino,2023,12,3,4,11.72,11.72,Montalban,2023,12,3,4,21.56,2023-12-03 04:00:00,Nangka,0.0,0.0,Mt. Oro,0.0,0.0,17.175453150740243,0.0,26.1,26.1,17.175453150740243,0.0,26.1,17.175453150740243,0.0
Nangka,2023,12,3,5,15.93,Sto Nino,2023,12,3,5,11.70,11.70,Montalban,2023,12,3,5,21.56,2023-12-03 05:00:00,Nangka,0.0,0.0,Mt. Oro,0.0,0.0,16.084425881188412,0.0,23.3,23.3,16.084425881188412,0.0,23.3,16.084425881188412,0.0
Nangka,2023,12,3,6,15.93,Sto Nino,2023,12,3,6,11.69,11.69,Montalban,2023,12,3,6,21.56,2023-12-03 06:00:00,Nangka,0.0,0.0,Mt. Oro,0.0,0.0,16.948618465640685,0.0,26.3,26.3,16.948618465640685,0.0,26.3,16.948618465640685,0.0
Nangka,2023,12,3,7,15.93,Sto Nino,2023,12,3,7,11.67,11.67,Montalban,2023,12,3,7,21.56,2023-12-03 07:00:00,Nangka,0.0,0.0,Mt. Oro,0.0,0.0,16.844698446966394,0.0,27.4,27.4,16.844698446966394,0.0,27.4,16.844698446966394,0.0
Nangka,2023,12,3,8,15.93,Sto Nino,2023,12,3,8,11.67,11.67,Montalban,2023,12,3,8,21.56,2023-12-03 08:00:00,Nangka,0.0,0.0,Mt. Oro,0.0,0.0,16.352402581463046,0.0,26.7,26.7,16.352402581463046,0.0,26.7,16.352402581463046,0.0
Nangka,2023,12,3,9,15.93,Sto Nino,2023,12,3,9,11.67,11.67,Montalban,2023,12,3,9,21.56,2023-12-03 09:00:00,Nangka,0.0,0.0,Mt. Oro,0.0,0.0,17.140917031986877,0.0,29.4,29.4,17.140917031986877,0.0,29.4,17.140917031986877,0.0
Nangka,2023,12,3,10,15.93,Sto Nino,2023,12,3,10,11.66,11.66,Montalban,2023,12,3,10,21.56,2023-12-03 10:00:00,Nangka,0.0,0.0,Mt. Oro,0.0,0.0,17.246444433769327,0.0,30.3,30.3,17.246444433769327,0.0,30.3,17.246444433769327,0.0
Nangka,2023,12,3,11,15.93,Sto Nino,2023,12,3,11,11.65,11.65,Montalban,2023,12,3,11,21.56,2023-12-03 11:00:00,Nangka,0.0,0.0,Mt. Oro,0.0,0.0,17.71152827185822,0.0,28.3,28.3,17.71152827185822,0.0,28.3,17.71152827185822,0.0
Nangka,2023,12,3,12,15.93,Sto Nino,2023,12,3,12,11.65,11.65,Montalban,2023,12,3,12,21.56,2023-12-03 12:00:00,Nangka,0.0,0.0,Mt. Oro,0.0,0.0,17.584180004543022,0.5,31.4,31.4,17.584180004543022,0.5,31.4,17.584180004543022,0.5
Nangka,2023,12,3,13,15.93,Sto Nino,2023,12,3,13,11.66,11.66,Montalban,2023,12,3,13,21.56,2023-12-03 13:00:00,Nangka,0.0,0.0,Mt. Oro,0.0,0.0,17.70996872375281,0.75,31.3,31.3,17.70996872375281,0.75,31.3,17.70996872375281,0.75
Nangka,2023,12,3,14,15.93,Sto Nino,2023,12,3,14,11.68,11.68,Montalban,2023,12,3,14,21.56,2023-12-03 14:00:00,Nangka,0.0,0.0,Mt. Oro,0.0,0.0,17.855891225775526,1.0,29.1,29.1,17.855891225775526,1.0,29.1,17.855891225775526,1.0
Nangka,2023,12,3,15,15.93,Sto Nino,2023,12,3,15,11.67,11.67,Montalban,2023,12,3,15,21.56,2023-12-03 15:00:00,Nangka,0.0,0.0,Mt. Oro,0.0,0.0,17.945964401868444,0.75,30.9,30.9,17.945964401868444,0.75,30.9,17.945964401868444,0.75
Nangka,2023,12,3,16,15.93,Sto Nino,2023,12,3,16,11.66,11.66,Montalban,2023,12,3,16,21.56,2023-12-03 16:00:00,Nangka,0.0,0.0,Mt. Oro,0.0,0.0,18.05592092985296,0.25,30.0,30.0,18.05592092985296,0.25,30.0,18.05592092985296,0.25
Nangka,2023,12,3,17,15.93,Sto Nino,2023,12,3,17,11.67,11.67,Montalban,2023,12,3,17,21.56,2023-12-03 17:00:00,Nangka,0.0,0.0,Mt. Oro,0.0,0.0,18.40886147219884,1.0,27.8,27.8,18.40886147219884,1.0,27.8,18.40886147219884,1.0
Nangka,2023,12,3,18,15.93,Sto Nino,2023,12,3,18,11.68,11.68,Montalban,2023,12,3,18,21.56,2023-12-03 18:00:00,Nangka,0.0,0.0,Mt. Oro,0.0,0.0,18.14816346627618,0.75,28.6,28.6,18.14816346627618,0.75,28.6,18.14816346627618,0.75
Nangka,2023,12,3,19,15.93,Sto Nino,2023,12,3,19,11.70,11.70,Montalban,2023,12,3,19,21.56,2023-12-03 19:00:00,Nangka,0.0,0.0,Mt. Oro,0.0,0.0,18.24081736376197,1.25,28.2,28.2,18.24081736376197,1.25,28.2,18.24081736376197,1.25
Nangka,2023,12,3,20,15.93,Sto Nino,2023,12,3,20,11.70,11.70,Montalban,2023,12,3,20,21.56,2023-12-03 20:00:00,Nangka,0.0,0.0,Mt. Oro,0.0,0.0,17.929291740508813,2.0,25.9,25.9,17.929291740508813,2.0,25.9,17.929291740508813,2.0
Nangka,2023,12,3,21,15.93,Sto Nino,2023,12,3,21,11.74,11.74,Montalban,2023,12,3,21,21.56,2023-12-03 21:00:00,Nangka,0.0,0.0,Mt. Oro,0.0,0.0,18.129888412775212,3.25,27.5,27.5,18.129888412775212,3.25,27.5,18.129888412775212,3.25
Nangka,2023,12,3,22,15.93,Sto Nino,2023,12,3,22,11.75,11.75,Montalban,2023,12,3,22,21.56,2023-12-03 22:00:00,Nangka,0.0,0.0,Mt. Oro,0.0,0.0,18.46448538213696,2.0,26.9,26.9,18.46448538213696,2.0,26.9,18.46448538213696,2.0
Nangka,2023,12,3,23,15.93,Sto Nino,2023,12,3,23,11.74,11.74,Montalban,2023,12,3,23,21.56,2023-12-03 23:00:00,Nangka,0.0,0.0,Mt. Oro,0.0,0.0,18.371964676813167,1.0,25.6,25.6,18.371964676813167,1.0,25.6,18.371964676813167,1.0
Nangka,2023,12,4,0,15.93,Sto Nino,2023,12,4,0,11.74,11.74,Montalban,2023,12,4,0,21.56,2023-12-04 00:00:00,Nangka,0.0,0.0,Mt. Oro,0.0,0.0,18.483101459553737,0.5,25.8,25.8,18.483101459553737,0.5,25.8,18.483101459553737,0.5
Nangka,2023,12,4,1,15.93,Sto Nino,2023,12,4,1,11.76,11.76,Montalban,2023,12,4,1,21.56,2023-12-04 01:00:00,Nangka,0.0,0.0,Mt. Oro,0.0,0.0,18.595961234628195,0.25,25.7,25.7,18.595961234628195,0.25,25.7,18.595961234628195,0.25
Nangka,2023,12,4,2,15.93,Sto Nino,2023,12,4,2,11.78,11.78,Montalban,2023,12,4,2,21.56,2023-12-04 02:00:00,Nangka,0.0,0.0,Mt. Oro,0.0,0.0,17.31772167466178,0.5,24.6,24.6,17.31772167466178,0.5,24.6,17.31772167466178,0.5
Nangka,2023,12,4,3,15.93,Sto Nino,2023,12,4,3,11.77,11.77,Montalban,2023,12,4,3,21.56,2023-12-04 03:00:00,Nangka,0.0,0.0,Mt. Oro,0.0,0.0,18.72831737394497,0.0,25.6,25.6,18.72831737394497,0.0,25.6,18.72831737394497,0.0
Nangka,2023,12,4,4,15.93,Sto Nino,2023,12,4,4,11.75,11.75,Montalban,2023,12,4,4,21.56,2023-12-04 04:00:00,Nangka,0.0,0.0,Mt. Oro,0.0,0.0,18.72831737394497,0.0,25.6,25.6,18.72831737394497,0.0,25.6,18.72831737394497,0.0
Nangka,2023,12,4,5,15.93,Sto Nino,2023,12,4,5,11.74,11.74,Montalban,2023,12,4,5,21.56,2023-12-04 05:00:00,Nangka,0.0,0.0,Mt. Oro,0.0,0.0,16.897607457343636,0.0,24.0,24.0,16.897607457343636,0.0,24.0,16.897607457343636,0.0
Nangka,2023,12,4,6,15.93,Sto Nino,2023,12,4,6,11.71,11.71,Montalban,2023,12,4,6,21.56,2023-12-04 06:00:00,Nangka,0.0,0.0,Mt. Oro,0.0,0.0,19.053546771273044,0.0,26.6,26.6,19.053546771273044,0.0,26.6,19.053546771273044,0.0
Nangka,2023,12,4,7,15.93,Sto Nino,2023,12,4,7,11.71,11.71,Montalban,2023,12,4,7,21.56,2023-12-04 07:00:00,Nangka,0.0,0.0,Mt. Oro,0.0,0.0,18.7094327297364,0.0,27.4,27.4,18.7094327297364,0.0,27.4,18.7094327297364,0.0
Nangka,2023,12,4,8,15.93,Sto Nino,2023,12,4,8,11.70,11.70,Montalban,2023,12,4,8,21.56,2023-12-04 08:00:00,Nangka,0.0,0.0,Mt. Oro,0.0,0.0,17.621180757080083,0.0,26.2,26.2,17.621180757080083,0.0,26.2,17.621180757080083,0.0
Nangka,2023,12,4,9,15.93,Sto Nino,2023,12,4,9,11.69,11.69,Montalban,2023,12,4,9,21.56,2023-12-04 09:00:00,Nangka,0.0,0.0,Mt. Oro,0.0,0.0,18.37085049952466,0.0,29.0,29.0,18.37085049952466,0.0,29.0,18.37085049952466,0.0
Nangka,2023,12,4,10,15.93,Sto Nino,2023,12,4,10,11.68,11.68,Montalban,2023,12,4,10,21.56,2023-12-04 10:00:00,Nangka,0.0,0.0,Mt. Oro,0.0,0.0,18.483101459553737,0.0,30.1,30.1,18.483101459553737,0.0,30.1,18.483101459553737,0.0
Nangka,2023,12,4,11,15.93,Sto Nino,2023,12,4,11,11.69,11.69,Montalban,2023,12,4,11,21.56,2023-12-04 11:00:00,Nangka,0.0,0.0,Mt. Oro,0.0,0.0,16.001305998113292,0.0,31.0,31.0,16.001305998113292,0.0,31.0,16.001305998113292,0.0
Nangka,2023,12,4,12,15.93,Sto Nino,2023,12,4,12,11.70,11.70,Montalban,2023,12,4,12,21.56,2023-12-04 12:00:00,Nangka,0.0,0.0,Mt. Oro,0.0,0.0,18.52044645540622,0.0,31.4,31.4,18.52044645540622,0.0,31.4,18.52044645540622,0.0
Nangka,2023,12,4,13,15.93,Sto Nino,2023,12,4,13,11.72,11.72,Montalban,2023,12,4,13,21.56,2023-12-04 13:00:00,Nangka,0.0,0.0,Mt. Oro,0.0,0.0,18.314592869829827,0.0,31.8,31.8,18.314592869829827,0.0,31.8,18.314592869829827,0.0
Nangka,2023,12,4,14,15.93,Sto Nino,2023,12,4,14,11.73,11.73,Montalban,2023,12,4,14,21.56,2023-12-04 14:00:00,Nangka,0.0,0.0,Mt. Oro,0.0,0.0,14.514357573794445,0.0,33.5,33.5,14.514357573794445,0.0,33.5,14.514357573794445,0.0
Nangka,2023,12,4,15,15.93,Sto Nino,2023,12,4,15,11.72,11.72,Montalban,2023,12,4,15,21.56,2023-12-04 15:00:00,Nangka,0.0,0.0,Mt. Oro,0.0,0.0,18.426580322585153,0.0,31.6,31.6,18.426580322585153,0.0,31.6,18.426580322585153,0.0
Nangka,2023,12,4,16,15.93,Sto Nino,2023,12,4,16,11.73,11.73,Montalban,2023,12,4,16,21.56,2023-12-04 16:00:00,Nangka,0.0,0.0,Mt. Oro,0.0,0.0,18.20321035385742,0.0,30.9,30.9,18.20321035385742,0.0,30.9,18.20321035385742,0.0
Nangka,2023,12,4,17,15.93,Sto Nino,2023,12,4,17,11.73,11.73,Montalban,2023,12,4,17,21.56,2023-12-04 17:00:00,Nangka,0.0,0.0,Mt. Oro,0.0,0.0,14.866701070538246,0.0,31.7,31.7,14.866701070538246,0.0,31.7,14.866701070538246,0.0
Nangka,2023,12,4,18,15.93,Sto Nino,2023,12,4,18,11.72,11.72,Montalban,2023,12,4,18,21.56,2023-12-04 18:00:00,Nangka,0.0,0.0,Mt. Oro,0.0,0.0,17.9640881959593,0.0,29.9,29.9,17.9640881959593,0.0,29.9,17.9640881959593,0.0
Nangka,2023,12,4,19,15.93,Sto Nino,2023,12,4,19,11.72,11.72,Montalban,2023,12,4,19,21.56,2023-12-04 19:00:00,Nangka,0.0,0.0,Mt. Oro,0.0,0.0,18.05592092985296,0.0,29.2,29.2,18.05592092985296,0.0,29.2,18.05592092985296,0.0
Nangka,2023,12,4,20,15.93,Sto Nino,2023,12,4,20,11.72,11.72,Montalban,2023,12,4,20,21.56,2023-12-04 20:00:00,Nangka,0.0,0.0,Mt. Oro,0.0,0.0,19.092465823906487,0.0,27.8,27.8,19.092465823906487,0.0,27.8,19.092465823906487,0.0
Nangka,2023,12,4,21,15.93,Sto Nino,2023,12,4,21,11.72,11.72,Montalban,2023,12,4,21,21.56,2023-12-04 21:00:00,Nangka,0.0,0.0,Mt. Oro,0.0,0.0,18.259205461888453,0.0,28.2,28.2,18.259205461888453,0.0,28.2,18.259205461888453,0.0
Nangka,2023,12,4,22,15.93,Sto Nino,2023,12,4,22,11.71,11.71,Montalban,2023,12,4,22,21.56,2023-12-04 22:00:00,Nangka,0.0,0.0,Mt. Oro,0.0,0.0,18.03772164455154,0.0,28.0,28.0,18.03772164455154,0.0,28.0,18.03772164455154,0.0
Nangka,2023,12,4,23,15.93,Sto Nino,2023,12,4,23,11.72,11.72,Montalban,2023,12,4,23,21.56,2023-12-04 23:00:00,Nangka,0.0,0.0,Mt. Oro,0.0,0.0,18.86213379072293,0.0,26.4,26.4,18.86213379072293,0.0,26.4,18.86213379072293,0.0
Nangka,2023,12,5,0,15.93,Sto Nino,2023,12,5,0,11.73,11.73,Montalban,2023,12,5,0,21.56,2023-12-05 00:00:00,Nangka,0.0,0.0,Mt. Oro,0.0,0.0,17.727833795769683,0.0,27.5,27.5,17.727833795769683,0.0,27.5,17.727833795769683,0.0
Nangka,2023,12,5,1,15.93,Sto Nino,2023,12,5,1,11.75,11.75,Montalban,2023,12,5,1,21.56,2023-12-05 01:00:00,Nangka,0.0,0.0,Mt. Oro,0.0,0.0,17.745734947249407,0.0,27.3,27.3,17.745734947249407,0.0,27.3,17.745734947249407,0.0
Nangka,2023,12,5,2,15.93,Sto Nino,2023,12,5,2,11.75,11.75,Montalban,2023,12,5,2,21.56,2023-12-05 02:00:00,Nangka,0.0,0.0,Mt. Oro,0.0,0.0,17.873833454034852,0.0,25.8,25.8,17.873833454034852,0.0,25.8,17.873833454034852,0.0
Nangka,2023,12,5,3,15.93,Sto Nino,2023,12,5,3,11.76,11.76,Montalban,2023,12,5,3,21.56,2023-12-05 03:00:00,Nangka,0.0,0.0,Mt. Oro,0.0,0.0,17.763672287599043,0.0,27.1,27.1,17.763672287599043,0.0,27.1,17.763672287599043,0.0
Nangka,2023,12,5,4,15.93,Sto Nino,2023,12,5,4,11.76,11.76,Montalban,2023,12,5,4,21.56,2023-12-05 04:00:00,Nangka,0.0,0.0,Mt. Oro,0.0,0.0,18.20321035385742,0.0,26.8,26.8,18.20321035385742,0.0,26.8,18.20321035385742,0.0
Nangka,2023,12,5,5,15.93,Sto Nino,2023,12,5,5,11.74,11.74,Montalban,2023,12,5,5,21.56,2023-12-05 05:00:00,Nangka,0.0,0.0,Mt. Oro,0.0,0.0,17.335117494392755,0.0,24.6,24.6,17.335117494392755,0.0,24.6,17.335117494392755,0.0
Nangka,2023,12,5,6,15.93,Sto Nino,2023,12,5,6,11.73,11.73,Montalban,2023,12,5,6,21.56,2023-12-05 06:00:00,Nangka,0.0,0.0,Mt. Oro,0.0,0.0,18.50175511268274,0.0,27.6,27.6,18.50175511268274,0.0,27.6,18.50175511268274,0.0
Nangka,2023,12,5,7,15.93,Sto Nino,2023,12,5,7,11.71,11.71,Montalban,2023,12,5,7,21.56,2023-12-05 07:00:00,Nangka,0.0,0.0,Mt. Oro,0.0,0.0,18.72831737394497,0.0,28.2,28.2,18.72831737394497,0.0,28.2,18.72831737394497,0.0
Nangka,2023,12,5,8,15.93,Sto Nino,2023,12,5,8,11.70,11.70,Montalban,2023,12,5,8,21.56,2023-12-05 08:00:00,Nangka,0.0,0.0,Mt. Oro,0.0,0.0,18.185874614862204,0.0,27.1,27.1,18.185874614862204,0.0,27.1,18.185874614862204,0.0
Nangka,2023,12,5,9,15.93,Sto Nino,2023,12,5,9,11.68,11.68,Montalban,2023,12,5,9,21.56,2023-12-05 09:00:00,Nangka,0.0,0.0,Mt. Oro,0.0,0.0,19.54082153228883,0.0,29.8,29.8,19.54082153228883,0.0,29.8,19.54082153228883,0.0
Nangka,2023,12,5,10,15.93,Sto Nino,2023,12,5,10,11.68,11.68,Montalban,2023,12,5,10,21.56,2023-12-05 10:00:00,Nangka,0.0,0.0,Mt. Oro,0.0,0.0,19.188848814572296,0.0,30.5,30.5,19.188848814572296,0.0,30.5,19.188848814572296,0.0
Nangka,2023,12,5,11,15.93,Sto Nino,2023,12,5,11,11.70,11.70,Montalban,2023,12,5,11,21.56,2023-12-05 11:00:00,Nangka,0.0,0.0,Mt. Oro,0.0,0.0,17.441692298248697,0.0,31.3,31.3,17.441692298248697,0.0,31.3,17.441692298248697,0.0
Nangka,2023,12,5,12,15.93,Sto Nino,2023,12,5,12,11.70,11.70,Montalban,2023,12,5,12,21.56,2023-12-05 12:00:00,Nangka,0.0,0.0,Mt. Oro,0.0,0.0,19.34460706456134,0.0,31.6,31.6,19.34460706456134,0.0,31.6,19.34460706456134,0.0
Nangka,2023,12,5,13,15.93,Sto Nino,2023,12,5,13,11.71,11.71,Montalban,2023,12,5,13,21.56,2023-12-05 13:00:00,Nangka,0.0,0.0,Mt. Oro,0.0,0.0,19.69920353795661,0.0,31.7,31.7,19.69920353795661,0.0,31.7,19.69920353795661,0.0
Nangka,2023,12,5,14,15.93,Sto Nino,2023,12,5,14,11.71,11.71,Montalban,2023,12,5,14,21.56,2023-12-05 14:00:00,Nangka,0.0,0.0,Mt. Oro,0.0,0.0,19.501434183345783,0.0,31.3,31.3,19.501434183345783,0.0,31.3,19.501434183345783,0.0
Nangka,2023,12,5,15,15.93,Sto Nino,2023,12,5,15,11.71,11.71,Montalban,2023,12,5,15,21.56,2023-12-05 15:00:00,Nangka,0.0,0.0,Mt. Oro,0.0,0.0,20.079888780453246,0.75,31.7,31.7,20.079888780453246,0.75,31.7,20.079888780453246,0.75
Nangka,2023,12,5,16,15.93,Sto Nino,2023,12,5,16,12.02,12.02,Montalban,2023,12,5,16,21.56,2023-12-05 16:00:00,Nangka,0.0,0.0,Mt. Oro,0.0,0.0,19.958999258015364,2.0,30.9,30.9,19.958999258015364,2.0,30.9,19.958999258015364,2.0
Nangka,2023,12,5,17,15.93,Sto Nino,2023,12,5,17,12.11,12.11,Montalban,2023,12,5,17,21.56,2023-12-05 17:00:00,Nangka,0.0,0.0,Mt. Oro,0.0,0.0,20.964405275525916,12.0,28.3,28.3,20.964405275525916,12.0,28.3,20.964405275525916,12.0
Nangka,2023,12,5,18,15.93,Sto Nino,2023,12,5,18,12.01,12.01,Montalban,2023,12,5,18,21.56,2023-12-05 18:00:00,Nangka,0.0,0.0,Mt. Oro,0.0,0.0,20.059564062141828,1.0,29.8,29.8,20.059564062141828,1.0,29.8,20.059564062141828,1.0
Nangka,2023,12,5,19,15.93,Sto Nino,2023,12,5,19,11.87,11.87,Montalban,2023,12,5,19,21.56,2023-12-05 19:00:00,Nangka,0.0,0.0,Mt. Oro,0.0,0.0,19.54082153228883,0.0,29.4,29.4,19.54082153228883,0.0,29.4,19.54082153228883,0.0
Nangka,2023,12,5,20,15.93,Sto Nino,2023,12,5,20,11.80,11.80,Montalban,2023,12,5,20,21.56,2023-12-05 20:00:00,Nangka,0.0,0.0,Mt. Oro,0.0,0.0,19.91843499047795,0.0,26.7,26.7,19.91843499047795,0.0,26.7,19.91843499047795,0.0
Nangka,2023,12,5,21,15.93,Sto Nino,2023,12,5,21,11.75,11.75,Montalban,2023,12,5,21,21.56,2023-12-05 21:00:00,Nangka,0.0,0.0,Mt. Oro,0.0,0.0,18.957340769695374,0.0,28.9,28.9,18.957340769695374,0.0,28.9,18.957340769695374,0.0
Nangka,2023,12,5,22,15.93,Sto Nino,2023,12,5,22,11.73,11.73,Montalban,2023,12,5,22,21.56,2023-12-05 22:00:00,Nangka,0.0,0.0,Mt. Oro,0.0,0.0,18.957340769695374,0.0,28.6,28.6,18.957340769695374,0.0,28.6,18.957340769695374,0.0
Nangka,2023,12,5,23,15.93,Sto Nino,2023,12,5,23,11.72,11.72,Montalban,2023,12,5,23,21.56,2023-12-05 23:00:00,Nangka,0.0,0.0,Mt. Oro,0.0,0.0,18.766744792650787,0.0,25.3,25.3,18.766744792650787,0.0,25.3,18.766744792650787,0.0
Nangka,2023,12,6,0,15.93,Sto Nino,2023,12,6,0,11.72,11.72,Montalban,2023,12,6,0,21.56,2023-12-06 00:00:00,Nangka,0.0,0.0,Mt. Oro,0.0,0.0,18.72831737394497,0.0,28.0,28.0,18.72831737394497,0.0,28.0,18.72831737394497,0.0
Nangka,2023,12,6,1,15.93,Sto Nino,2023,12,6,1,11.73,11.73,Montalban,2023,12,6,1,21.56,2023-12-06 01:00:00,Nangka,0.0,0.0,Mt. Oro,0.0,0.0,18.50175511268274,0.0,27.6,27.6,18.50175511268274,0.0,27.6,18.50175511268274,0.0
Nangka,2023,12,6,2,15.93,Sto Nino,2023,12,6,2,11.74,11.74,Montalban,2023,12,6,2,21.56,2023-12-06 02:00:00,Nangka,0.0,0.0,Mt. Oro,0.0,0.0,18.222466264177076,0.0,24.6,24.6,18.222466264177076,0.0,24.6,18.222466264177076,0.0
Nangka,2023,12,6,3,15.93,Sto Nino,2023,12,6,3,11.73,11.73,Montalban,2023,12,6,3,21.56,2023-12-06 03:00:00,Nangka,0.0,0.0,Mt. Oro,0.0,0.0,18.747240179665475,0.0,27.1,27.1,18.747240179665475,0.0,27.1,18.747240179665475,0.0
Nangka,2023,12,6,4,15.93,Sto Nino,2023,12,6,4,11.73,11.73,Montalban,2023,12,6,4,21.56,2023-12-06 04:00:00,Nangka,0.0,0.0,Mt. Oro,0.0,0.0,18.63353681698211,0.0,26.8,26.8,18.63353681698211,0.0,26.8,18.63353681698211,0.0
Nangka,2023,12,6,5,15.93,Sto Nino,2023,12,6,5,11.73,11.73,Montalban,2023,12,6,5,21.56,2023-12-06 05:00:00,Nangka,0.0,0.0,Mt. Oro,0.0,0.0,17.638867057545983,0.0,24.0,24.0,17.638867057545983,0.0,24.0,17.638867057545983,0.0
Nangka,2023,12,6,6,15.93,Sto Nino,2023,12,6,6,11.72,11.72,Montalban,2023,12,6,6,21.56,2023-12-06 06:00:00,Nangka,0.0,0.0,Mt. Oro,0.0,0.0,18.61473006336323,0.0,27.2,27.2,18.61473006336323,0.0,27.2,18.61473006336323,0.0
Nangka,2023,12,6,7,15.93,Sto Nino,2023,12,6,7,11.71,11.71,Montalban,2023,12,6,7,21.56,2023-12-06 07:00:00,Nangka,0.0,0.0,Mt. Oro,0.0,0.0,18.823518862254097,0.0,27.9,27.9,18.823518862254097,0.0,27.9,18.823518862254097,0.0
Nangka,2023,12,6,8,15.93,Sto Nino,2023,12,6,8,11.71,11.71,Montalban,2023,12,6,8,21.56,2023-12-06 08:00:00,Nangka,0.0,0.0,Mt. Oro,0.0,0.0,18.48413829928408,0.0,26.0,26.0,18.48413829928408,0.0,26.0,18.48413829928408,0.0
Nangka,2023,12,6,9,15.93,Sto Nino,2023,12,6,9,11.70,11.70,Montalban,2023,12,6,9,21.56,2023-12-06 09:00:00,Nangka,0.0,0.0,Mt. Oro,0.0,0.0,19.38371840160848,0.0,29.3,29.3,19.38371840160848,0.0,29.3,19.38371840160848,0.0
Nangka,2023,12,6,10,15.93,Sto Nino,2023,12,6,10,11.70,11.70,Montalban,2023,12,6,10,21.56,2023-12-06 10:00:00,Nangka,0.0,0.0,Mt. Oro,0.0,0.0,19.758689083791584,0.0,30.0,30.0,19.758689083791584,0.0,30.0,19.758689083791584,0.0
Nangka,2023,12,6,11,15.93,Sto Nino,2023,12,6,11,11.69,11.69,Montalban,2023,12,6,11,21.56,2023-12-06 11:00:00,Nangka,0.0,0.0,Mt. Oro,0.0,0.0,17.74708454943368,0.0,31.4,31.4,17.74708454943368,0.0,31.4,17.74708454943368,0.0
Nangka,2023,12,6,12,15.93,Sto Nino,2023,12,6,12,11.70,11.70,Montalban,2023,12,6,12,21.56,2023-12-06 12:00:00,Nangka,0.0,0.0,Mt. Oro,0.0,0.0,19.679288614737526,0.0,30.9,30.9,19.679288614737526,0.0,30.9,19.679288614737526,0.0
Nangka,2023,12,6,13,15.93,Sto Nino,2023,12,6,13,11.69,11.69,Montalban,2023,12,6,13,21.56,2023-12-06 13:00:00,Nangka,0.0,0.0,Mt. Oro,0.0,0.0,19.69920353795661,5.0,31.2,31.2,19.69920353795661,5.0,31.2,19.69920353795661,5.0
Nangka,2023,12,6,14,15.93,Sto Nino,2023,12,6,14,11.69,11.69,Montalban,2023,12,6,14,21.56,2023-12-06 14:00:00,Nangka,0.0,0.0,Mt. Oro,0.0,0.0,18.55853689386707,1.0,31.5,31.5,18.55853689386707,1.0,31.5,18.55853689386707,1.0
Nangka,2023,12,6,15,15.93,Sto Nino,2023,12,6,15,11.71,11.71,Montalban,2023,12,6,15,21.56,2023-12-06 15:00:00,Nangka,0.0,0.0,Mt. Oro,0.0,0.0,19.938798368291703,3.5,31.1,31.1,19.938798368291703,3.5,31.1,19.938798368291703,3.5
Nangka,2023,12,6,16,15.93,Sto Nino,2023,12,6,16,11.72,11.72,Montalban,2023,12,6,16,21.56,2023-12-06 16:00:00,Nangka,0.0,0.0,Mt. Oro,0.0,0.0,19.938798368291703,35.0,30.6,30.6,19.938798368291703,35.0,30.6,19.938798368291703,35.0
Nangka,2023,12,6,17,15.93,Sto Nino,2023,12,6,17,11.71,11.71,Montalban,2023,12,6,17,21.56,2023-12-06 17:00:00,Nangka,0.0,0.0,Mt. Oro,0.0,0.0,19.58031495113082,6.0,29.5,29.5,19.58031495113082,6.0,29.5,19.58031495113082,6.0
Nangka,2023,12,6,18,15.93,Sto Nino,2023,12,6,18,11.72,11.72,Montalban,2023,12,6,18,21.56,2023-12-06 18:00:00,Nangka,0.0,0.0,Mt. Oro,0.0,0.0,19.79864206811621,0.0,29.8,29.8,19.79864206811621,0.0,29.8,19.79864206811621,0.0
Nangka,2023,12,6,19,15.93,Sto Nino,2023,12,6,19,11.71,11.71,Montalban,2023,12,6,19,21.56,2023-12-06 19:00:00,Nangka,0.0,0.0,Mt. Oro,0.0,0.0,19.422865224193632,0.5,29.3,29.3,19.422865224193632,0.5,29.3,19.422865224193632,0.5
Nangka,2023,12,6,20,15.93,Sto Nino,2023,12,6,20,11.72,11.72,Montalban,2023,12,6,20,21.56,2023-12-06 20:00:00,Nangka,0.0,0.0,Mt. Oro,0.0,0.0,18.63427346849335,0.0,27.4,27.4,18.63427346849335,0.0,27.4,18.63427346849335,0.0
Nangka,2023,12,6,21,15.93,Sto Nino,2023,12,6,21,11.72,11.72,Montalban,2023,12,6,21,21.56,2023-12-06 21:00:00,Nangka,0.0,0.0,Mt. Oro,0.0,0.0,19.053546771273044,0.0,28.5,28.5,19.053546771273044,0.0,28.5,19.053546771273044,0.0
Nangka,2023,12,6,22,15.93,Sto Nino,2023,12,6,22,11.71,11.71,Montalban,2023,12,6,22,21.56,2023-12-06 22:00:00,Nangka,0.0,0.0,Mt. Oro,0.0,0.0,19.286068550436475,1.0,28.3,28.3,19.286068550436475,1.0,28.3,19.286068550436475,1.0
Nangka,2023,12,6,23,15.93,Sto Nino,2023,12,6,23,11.70,11.70,Montalban,2023,12,6,23,21.56,2023-12-06 23:00:00,Nangka,0.0,0.0,Mt. Oro,0.0,0.0,18.40886147219884,0.0,26.7,26.7,18.40886147219884,0.0,26.7,18.40886147219884,0.0
Nangka,2023,12,7,0,15.93,Sto Nino,2023,12,7,0,11.70,11.70,Montalban,2023,12,7,0,21.56,2023-12-07 00:00:00,Nangka,0.0,0.0,Mt. Oro,0.0,0.0,19.305541983666508,0.0,27.7,27.7,19.305541983666508,0.0,27.7,19.305541983666508,0.0
Nangka,2023,12,7,1,15.93,Sto Nino,2023,12,7,1,11.70,11.70,Montalban,2023,12,7,1,21.56,2023-12-07 01:00:00,Nangka,0.0,0.0,Mt. Oro,0.0,0.0,19.54082153228883,0.0,27.4,27.4,19.54082153228883,0.0,27.4,19.54082153228883,0.0
Nangka,2023,12,7,2,15.93,Sto Nino,2023,12,7,2,11.69,11.69,Montalban,2023,12,7,2,21.56,2023-12-07 02:00:00,Nangka,0.0,0.0,Mt. Oro,0.0,0.0,18.09344850082665,0.0,25.8,25.8,18.09344850082665,0.0,25.8,18.09344850082665,0.0
Nangka,2023,12,7,3,15.93,Sto Nino,2023,12,7,3,11.70,11.70,Montalban,2023,12,7,3,21.56,2023-12-07 03:00:00,Nangka,0.0,0.0,Mt. Oro,0.0,0.0,19.305541983666508,0.0,26.9,26.9,19.305541983666508,0.0,26.9,19.305541983666508,0.0
Nangka,2023,12,7,4,15.93,Sto Nino,2023,12,7,4,11.70,11.70,Montalban,2023,12,7,4,21.56,2023-12-07 04:00:00,Nangka,0.0,0.0,Mt. Oro,0.0,0.0,19.305541983666508,0.0,26.8,26.8,19.305541983666508,0.0,26.8,19.305541983666508,0.0
Nangka,2023,12,7,5,15.93,Sto Nino,2023,12,7,5,11.71,11.71,Montalban,2023,12,7,5,21.56,2023-12-07 05:00:00,Nangka,0.0,0.0,Mt. Oro,0.0,0.0,17.764916277011185,0.0,25.1,25.1,17.764916277011185,0.0,25.1,17.764916277011185,0.0
Nangka,2023,12,7,6,15.93,Sto Nino,2023,12,7,6,11.71,11.71,Montalban,2023,12,7,6,21.56,2023-12-07 06:00:00,Nangka,0.0,0.0,Mt. Oro,0.0,0.0,19.286068550436475,0.0,27.9,27.9,19.286068550436475,0.0,27.9,19.286068550436475,0.0
Nangka,2023,12,7,7,15.93,Sto Nino,2023,12,7,7,11.71,11.71,Montalban,2023,12,7,7,21.56,2023-12-07 07:00:00,Nangka,0.0,0.0,Mt. Oro,0.0,0.0,19.403272067878753,0.0,28.4,28.4,19.403272067878753,0.0,28.4,19.403272067878753,0.0
Nangka,2023,12,7,8,15.93,Sto Nino,2023,12,7,8,11.71,11.71,Montalban,2023,12,7,8,21.56,2023-12-07 08:00:00,Nangka,0.0,0.0,Mt. Oro,0.0,0.0,19.560639563488618,0.0,28.0,28.0,19.560639563488618,0.0,28.0,19.560639563488618,0.0
Nangka,2023,12,7,9,15.93,Sto Nino,2023,12,7,9,11.71,11.71,Montalban,2023,12,7,9,21.56,2023-12-07 09:00:00,Nangka,0.0,0.0,Mt. Oro,0.0,0.0,19.521107990071087,0.0,29.8,29.8,19.521107990071087,0.0,29.8,19.521107990071087,0.0
Nangka,2023,12,7,10,15.93,Sto Nino,2023,12,7,10,11.72,11.72,Montalban,2023,12,7,10,21.56,2023-12-07 10:00:00,Nangka,0.0,0.0,Mt. Oro,0.0,0.0,19.286068550436475,0.0,30.6,30.6,19.286068550436475,0.0,30.6,19.286068550436475,0.0
Nangka,2023,12,7,11,15.93,Sto Nino,2023,12,7,11,11.72,11.72,Montalban,2023,12,7,11,21.56,2023-12-07 11:00:00,Nangka,0.0,0.0,Mt. Oro,0.0,0.0,18.63427346849335,0.0,30.3,30.3,18.63427346849335,0.0,30.3,18.63427346849335,0.0
Nangka,2023,12,7,12,15.93,Sto Nino,2023,12,7,12,11.72,11.72,Montalban,2023,12,7,12,21.56,2023-12-07 12:00:00,Nangka,0.0,0.0,Mt. Oro,0.0,0.0,19.325054781880286,0.0,31.6,31.6,19.325054781880286,0.0,31.6,19.325054781880286,0.0
Nangka,2023,12,7,13,15.93,Sto Nino,2023,12,7,13,11.72,11.72,Montalban,2023,12,7,13,21.56,2023-12-07 13:00:00,Nangka,0.0,0.0,Mt. Oro,0.0,0.0,19.22767503724532,0.0,31.8,31.8,19.22767503724532,0.0,31.8,19.22767503724532,0.0
Nangka,2023,12,7,14,15.93,Sto Nino,2023,12,7,14,11.71,11.71,Montalban,2023,12,7,14,21.56,2023-12-07 14:00:00,Nangka,0.0,0.0,Mt. Oro,0.0,0.0,18.46448538213696,0.0,30.6,30.6,18.46448538213696,0.0,30.6,18.46448538213696,0.0
Nangka,2023,12,7,15,15.93,Sto Nino,2023,12,7,15,11.72,11.72,Montalban,2023,12,7,15,21.56,2023-12-07 15:00:00,Nangka,0.0,0.0,Mt. Oro,0.0,0.0,19.247147128235312,0.0,31.3,31.3,19.247147128235312,0.0,31.3,19.247147128235312,0.0
Nangka,2023,12,7,16,15.93,Sto Nino,2023,12,7,16,11.72,11.72,Montalban,2023,12,7,16,21.56,2023-12-07 16:00:00,Nangka,0.0,0.0,Mt. Oro,0.0,0.0,19.22767503724532,0.0,30.8,30.8,19.22767503724532,0.0,30.8,19.22767503724532,0.0
Nangka,2023,12,7,17,15.93,Sto Nino,2023,12,7,17,11.71,11.71,Montalban,2023,12,7,17,21.56,2023-12-07 17:00:00,Nangka,0.0,0.0,Mt. Oro,0.0,0.0,19.48179999209493,0.0,29.4,29.4,19.48179999209493,0.0,29.4,19.48179999209493,0.0
Nangka,2023,12,7,18,15.93,Sto Nino,2023,12,7,18,11.71,11.71,Montalban,2023,12,7,18,21.56,2023-12-07 18:00:00,Nangka,0.0,0.0,Mt. Oro,0.0,0.0,19.09205757522147,0.0,29.4,29.4,19.09205757522147,0.0,29.4,19.09205757522147,0.0
Nangka,2023,12,7,19,15.93,Sto Nino,2023,12,7,19,11.71,11.71,Montalban,2023,12,7,19,21.56,2023-12-07 19:00:00,Nangka,0.0,0.0,Mt. Oro,0.0,0.0,18.957340769695374,0.0,29.1,29.1,18.957340769695374,0.0,29.1,18.957340769695374,0.0
Nangka,2023,12,7,20,15.93,Sto Nino,2023,12,7,20,11.72,11.72,Montalban,2023,12,7,20,21.56,2023-12-07 20:00:00,Nangka,0.0,0.0,Mt. Oro,0.0,0.0,18.86213379072293,0.0,27.6,27.6,18.86213379072293,0.0,27.6,18.86213379072293,0.0
Nangka,2023,12,7,21,15.93,Sto Nino,2023,12,7,21,11.74,11.74,Montalban,2023,12,7,21,21.56,2023-12-07 21:00:00,Nangka,0.0,0.0,Mt. Oro,0.0,0.0,18.823518862254097,0.0,28.5,28.5,18.823518862254097,0.0,28.5,18.823518862254097,0.0
Nangka,2023,12,7,22,15.93,Sto Nino,2023,12,7,22,11.73,11.73,Montalban,2023,12,7,22,21.56,2023-12-07 22:00:00,Nangka,0.0,0.0,Mt. Oro,0.0,0.0,18.7094327297364,0.0,28.2,28.2,18.7094327297364,0.0,28.2,18.7094327297364,0.0
Nangka,2023,12,7,23,15.93,Sto Nino,2023,12,7,23,11.71,11.71,Montalban,2023,12,7,23,21.56,2023-12-07 23:00:00,Nangka,0.0,0.0,Mt. Oro,0.0,0.0,18.185874614862204,0.0,26.3,26.3,18.185874614862204,0.0,26.3,18.185874614862204,0.0
Nangka,2023,12,8,0,15.93,Sto Nino,2023,12,8,0,11.71,11.71,Montalban,2023,12,8,0,21.56,2023-12-08 00:00:00,Nangka,0.0,0.0,Mt. Oro,0.0,0.0,18.483101459553737,0.0,27.6,27.6,18.483101459553737,0.0,27.6,18.483101459553737,0.0
Nangka,2023,12,8,1,15.93,Sto Nino,2023,12,8,1,11.70,11.70,Montalban,2023,12,8,1,21.56,2023-12-08 01:00:00,Nangka,0.0,0.0,Mt. Oro,0.0,0.0,18.957340769695374,0.0,27.3,27.3,18.957340769695374,0.0,27.3,18.957340769695374,0.0
Nangka,2023,12,8,2,15.93,Sto Nino,2023,12,8,2,11.69,11.69,Montalban,2023,12,8,2,21.56,2023-12-08 02:00:00,Nangka,0.0,0.0,Mt. Oro,0.0,0.0,17.983343250490037,0.0,25.9,25.9,17.983343250490037,0.0,25.9,17.983343250490037,0.0
Nangka,2023,12,8,3,15.93,Sto Nino,2023,12,8,3,11.70,11.70,Montalban,2023,12,8,3,21.56,2023-12-08 03:00:00,Nangka,0.0,0.0,Mt. Oro,0.0,0.0,18.861559467301486,0.0,26.8,26.8,18.861559467301486,0.0,26.8,18.861559467301486,0.0
Nangka,2023,12,8,4,15.93,Sto Nino,2023,12,8,4,11.69,11.69,Montalban,2023,12,8,4,21.56,2023-12-08 04:00:00,Nangka,0.0,0.0,Mt. Oro,0.0,0.0,18.861559467301486,0.0,26.6,26.6,18.861559467301486,0.0,26.6,18.861559467301486,0.0
Nangka,2023,12,8,5,15.93,Sto Nino,2023,12,8,5,11.68,11.68,Montalban,2023,12,8,5,21.56,2023-12-08 05:00:00,Nangka,0.0,0.0,Mt. Oro,0.0,0.0,18.766744792650787,0.0,25.3,25.3,18.766744792650787,0.0,25.3,18.766744792650787,0.0
Nangka,2023,12,8,6,15.93,Sto Nino,2023,12,8,6,11.68,11.68,Montalban,2023,12,8,6,21.56,2023-12-08 06:00:00,Nangka,0.0,0.0,Mt. Oro,0.0,0.0,19.072782733497302,0.0,27.4,27.4,19.072782733497302,0.0,27.4,19.072782733497302,0.0
Nangka,2023,12,8,7,15.93,Sto Nino,2023,12,8,7,11.67,11.67,Montalban,2023,12,8,7,21.56,2023-12-08 07:00:00,Nangka,0.0,0.0,Mt. Oro,0.0,0.0,18.823518862254097,0.0,28.1,28.1,18.823518862254097,0.0,28.1,18.823518862254097,0.0
Nangka,2023,12,8,8,15.93,Sto Nino,2023,12,8,8,11.67,11.67,Montalban,2023,12,8,8,21.56,2023-12-08 08:00:00,Nangka,0.0,0.0,Mt. Oro,0.0,0.0,19.286538263281873,0.0,26.4,26.4,19.286538263281873,0.0,26.4,19.286538263281873,0.0
Nangka,2023,12,8,9,15.93,Sto Nino,2023,12,8,9,11.68,11.68,Montalban,2023,12,8,9,21.56,2023-12-08 09:00:00,Nangka,0.0,0.0,Mt. Oro,0.0,0.0,19.150179078595713,0.0,29.5,29.5,19.150179078595713,0.0,29.5,19.150179078595713,0.0
Nangka,2023,12,8,10,15.93,Sto Nino,2023,12,8,10,11.68,11.68,Montalban,2023,12,8,10,21.56,2023-12-08 10:00:00,Nangka,0.0,0.0,Mt. Oro,0.0,0.0,18.80455604290822,0.0,30.4,30.4,18.80455604290822,0.0,30.4,18.80455604290822,0.0
Nangka,2023,12,8,11,15.93,Sto Nino,2023,12,8,11,11.68,11.68,Montalban,2023,12,8,11,21.56,2023-12-08 11:00:00,Nangka,0.0,0.0,Mt. Oro,0.0,0.0,18.747896131963753,0.0,31.0,31.0,18.747896131963753,0.0,31.0,18.747896131963753,0.0
Nangka,2023,12,8,12,15.93,Sto Nino,2023,12,8,12,11.68,11.68,Montalban,2023,12,8,12,21.56,2023-12-08 12:00:00,Nangka,0.0,0.0,Mt. Oro,0.0,0.0,18.166475399714223,0.0,31.7,31.7,18.166475399714223,0.0,31.7,18.166475399714223,0.0
Nangka,2023,12,8,13,15.93,Sto Nino,2023,12,8,13,11.69,11.69,Montalban,2023,12,8,13,21.56,2023-12-08 13:00:00,Nangka,0.0,0.0,Mt. Oro,0.0,0.0,18.407966183511277,0.0,32.2,32.2,18.407966183511277,0.0,32.2,18.407966183511277,0.0
Nangka,2023,12,8,14,15.93,Sto Nino,2023,12,8,14,11.68,11.68,Montalban,2023,12,8,14,21.56,2023-12-08 14:00:00,Nangka,0.0,0.0,Mt. Oro,0.0,0.0,18.445906767008506,0.0,31.4,31.4,18.445906767008506,0.0,31.4,18.445906767008506,0.0
Nangka,2023,12,8,15,15.93,Sto Nino,2023,12,8,15,11.69,11.69,Montalban,2023,12,8,15,21.56,2023-12-08 15:00:00,Nangka,0.0,0.0,Mt. Oro,0.0,0.0,18.20321035385742,0.0,32.0,32.0,18.20321035385742,0.0,32.0,18.20321035385742,0.0
Nangka,2023,12,8,16,15.93,Sto Nino,2023,12,8,16,11.70,11.70,Montalban,2023,12,8,16,21.56,2023-12-08 16:00:00,Nangka,0.0,0.0,Mt. Oro,0.0,0.0,18.314592869829827,0.0,31.5,31.5,18.314592869829827,0.0,31.5,18.314592869829827,0.0
Nangka,2023,12,8,17,15.93,Sto Nino,2023,12,8,17,11.69,11.69,Montalban,2023,12,8,17,21.56,2023-12-08 17:00:00,Nangka,0.0,0.0,Mt. Oro,0.0,0.0,19.718897022249273,0.0,30.8,30.8,19.718897022249273,0.0,30.8,19.718897022249273,0.0
Nangka,2023,12,8,18,15.93,Sto Nino,2023,12,8,18,11.70,11.70,Montalban,2023,12,8,18,21.56,2023-12-08 18:00:00,Nangka,0.0,0.0,Mt. Oro,0.0,0.0,18.407966183511277,0.0,30.5,30.5,18.407966183511277,0.0,30.5,18.407966183511277,0.0
Nangka,2023,12,8,19,15.93,Sto Nino,2023,12,8,19,11.70,11.70,Montalban,2023,12,8,19,21.56,2023-12-08 19:00:00,Nangka,0.0,0.0,Mt. Oro,0.0,0.0,18.27763067056126,0.0,29.7,29.7,18.27763067056126,0.0,29.7,18.27763067056126,0.0
Nangka,2023,12,8,20,15.93,Sto Nino,2023,12,8,20,11.72,11.72,Montalban,2023,12,8,20,21.56,2023-12-08 20:00:00,Nangka,0.0,0.0,Mt. Oro,0.0,0.0,19.560639563488618,0.0,27.0,27.0,19.560639563488618,0.0,27.0,19.560639563488618,0.0
Nangka,2023,12,8,21,15.93,Sto Nino,2023,12,8,21,11.72,11.72,Montalban,2023,12,8,21,21.56,2023-12-08 21:00:00,Nangka,0.0,0.0,Mt. Oro,0.0,0.0,18.14816346627618,0.0,28.6,28.6,18.14816346627618,0.0,28.6,18.14816346627618,0.0
Nangka,2023,12,8,22,15.93,Sto Nino,2023,12,8,22,11.71,11.71,Montalban,2023,12,8,22,21.56,2023-12-08 22:00:00,Nangka,0.0,0.0,Mt. Oro,0.0,0.0,18.595961234628195,0.0,28.3,28.3,18.595961234628195,0.0,28.3,18.595961234628195,0.0
Nangka,2023,12,8,23,15.93,Sto Nino,2023,12,8,23,11.70,11.70,Montalban,2023,12,8,23,21.56,2023-12-08 23:00:00,Nangka,0.0,0.0,Mt. Oro,0.0,0.0,18.16763384336509,0.0,25.4,25.4,18.16763384336509,0.0,25.4,18.16763384336509,0.0
Nangka,2023,12,9,0,15.93,Sto Nino,2023,12,9,0,11.69,11.69,Montalban,2023,12,9,0,21.56,2023-12-09 00:00:00,Nangka,0.0,0.0,Mt. Oro,0.0,0.0,18.595961234628195,0.25,27.7,27.7,18.595961234628195,0.25,27.7,18.595961234628195,0.25
Nangka,2023,12,9,1,15.93,Sto Nino,2023,12,9,1,11.68,11.68,Montalban,2023,12,9,1,21.56,2023-12-09 01:00:00,Nangka,0.0,0.0,Mt. Oro,0.0,0.0,18.37085049952466,0.5,27.2,27.2,18.37085049952466,0.5,27.2,18.37085049952466,0.5
Nangka,2023,12,9,2,15.93,Sto Nino,2023,12,9,2,11.67,11.67,Montalban,2023,12,9,2,21.56,2023-12-09 02:00:00,Nangka,0.0,0.0,Mt. Oro,0.0,0.0,17.74708454943368,0.0,24.4,24.4,17.74708454943368,0.0,24.4,17.74708454943368,0.0
Nangka,2023,12,9,3,15.93,Sto Nino,2023,12,9,3,11.65,11.65,Montalban,2023,12,9,3,21.56,2023-12-09 03:00:00,Nangka,0.0,0.0,Mt. Oro,0.0,0.0,17.945964401868444,0.0,26.6,26.6,17.945964401868444,0.0,26.6,17.945964401868444,0.0
Nangka,2023,12,9,4,15.93,Sto Nino,2023,12,9,4,11.64,11.64,Montalban,2023,12,9,4,21.56,2023-12-09 04:00:00,Nangka,0.0,0.0,Mt. Oro,0.0,0.0,17.727833795769683,0.0,26.4,26.4,17.727833795769683,0.0,26.4,17.727833795769683,0.0
Nangka,2023,12,9,5,15.93,Sto Nino,2023,12,9,5,11.63,11.63,Montalban,2023,12,9,5,21.56,2023-12-09 05:00:00,Nangka,0.0,0.0,Mt. Oro,0.0,0.0,17.855891225775526,0.0,23.8,23.8,17.855891225775526,0.0,23.8,17.855891225775526,0.0
Nangka,2023,12,9,6,15.93,Sto Nino,2023,12,9,6,11.62,11.62,Montalban,2023,12,9,6,21.56,2023-12-09 06:00:00,Nangka,0.0,0.0,Mt. Oro,0.0,0.0,17.49441560931071,0.0,27.1,27.1,17.49441560931071,0.0,27.1,17.49441560931071,0.0
Nangka,2023,12,9,7,15.93,Sto Nino,2023,12,9,7,11.63,11.63,Montalban,2023,12,9,7,21.56,2023-12-09 07:00:00,Nangka,0.0,0.0,Mt. Oro,0.0,0.0,17.692139622232276,0.0,27.9,27.9,17.692139622232276,0.0,27.9,17.692139622232276,0.0
Nangka,2023,12,9,8,15.93,Sto Nino,2023,12,9,8,11.65,11.65,Montalban,2023,12,9,8,21.56,2023-12-09 08:00:00,Nangka,0.0,0.0,Mt. Oro,0.0,0.0,18.82431822384399,0.0,26.0,26.0,18.82431822384399,0.0,26.0,18.82431822384399,0.0
Nangka,2023,12,9,9,15.93,Sto Nino,2023,12,9,9,11.65,11.65,Montalban,2023,12,9,9,21.56,2023-12-09 09:00:00,Nangka,0.0,0.0,Mt. Oro,0.0,0.0,17.909826302281676,0.0,29.6,29.6,17.909826302281676,0.0,29.6,17.909826302281676,0.0
Nangka,2023,12,9,10,15.93,Sto Nino,2023,12,9,10,11.65,11.65,Montalban,2023,12,9,10,21.56,2023-12-09 10:00:00,Nangka,0.0,0.0,Mt. Oro,0.0,0.0,18.019559009884464,0.0,30.7,30.7,18.019559009884464,0.0,30.7,18.019559009884464,0.0
Nangka,2023,12,9,11,15.93,Sto Nino,2023,12,9,11,11.67,11.67,Montalban,2023,12,9,11,21.56,2023-12-09 11:00:00,Nangka,0.0,0.0,Mt. Oro,0.0,0.0,18.40886147219884,0.0,31.2,31.2,18.40886147219884,0.0,31.2,18.40886147219884,0.0
Nangka,2023,12,9,12,15.93,Sto Nino,2023,12,9,12,11.67,11.67,Montalban,2023,12,9,12,21.56,2023-12-09 12:00:00,Nangka,0.0,0.0,Mt. Oro,0.0,0.0,17.945964401868444,0.0,32.1,32.1,17.945964401868444,0.0,32.1,17.945964401868444,0.0
Nangka,2023,12,9,13,15.93,Sto Nino,2023,12,9,13,11.67,11.67,Montalban,2023,12,9,13,21.56,2023-12-09 13:00:00,Nangka,0.0,0.0,Mt. Oro,0.0,0.0,17.9640881959593,0.0,32.4,32.4,17.9640881959593,0.0,32.4,17.9640881959593,0.0
Nangka,2023,12,9,14,15.93,Sto Nino,2023,12,9,14,11.68,11.68,Montalban,2023,12,9,14,21.56,2023-12-09 14:00:00,Nangka,0.0,0.0,Mt. Oro,0.0,0.0,17.459231390113622,0.0,32.2,32.2,17.459231390113622,0.0,32.2,17.459231390113622,0.0
Nangka,2023,12,9,15,15.93,Sto Nino,2023,12,9,15,11.68,11.68,Montalban,2023,12,9,15,21.56,2023-12-09 15:00:00,Nangka,0.0,0.0,Mt. Oro,0.0,0.0,18.314592869829827,0.0,32.1,32.1,18.314592869829827,0.0,32.1,18.314592869829827,0.0
Nangka,2023,12,9,16,15.93,Sto Nino,2023,12,9,16,11.69,11.69,Montalban,2023,12,9,16,21.56,2023-12-09 16:00:00,Nangka,0.0,0.0,Mt. Oro,0.0,0.0,18.314592869829827,0.0,31.5,31.5,18.314592869829827,0.0,31.5,18.314592869829827,0.0
Nangka,2023,12,9,17,15.93,Sto Nino,2023,12,9,17,11.69,11.69,Montalban,2023,12,9,17,21.56,2023-12-09 17:00:00,Nangka,0.0,0.0,Mt. Oro,0.0,0.0,18.407966183511277,0.0,30.8,30.8,18.407966183511277,0.0,30.8,18.407966183511277,0.0
Nangka,2023,12,9,18,15.93,Sto Nino,2023,12,9,18,11.70,11.70,Montalban,2023,12,9,18,21.56,2023-12-09 18:00:00,Nangka,0.0,0.0,Mt. Oro,0.0,0.0,18.296093102237673,0.0,30.2,30.2,18.296093102237673,0.0,30.2,18.296093102237673,0.0
Nangka,2023,12,9,19,15.93,Sto Nino,2023,12,9,19,11.70,11.70,Montalban,2023,12,9,19,21.56,2023-12-09 19:00:00,Nangka,0.0,0.0,Mt. Oro,0.0,0.0,18.389389613699596,0.0,29.5,29.5,18.389389613699596,0.0,29.5,18.389389613699596,0.0
Nangka,2023,12,9,20,15.93,Sto Nino,2023,12,9,20,11.71,11.71,Montalban,2023,12,9,20,21.56,2023-12-09 20:00:00,Nangka,0.0,0.0,Mt. Oro,0.0,0.0,17.018853802806852,0.0,26.9,26.9,17.018853802806852,0.0,26.9,17.018853802806852,0.0
Nangka,2023,12,9,21,15.93,Sto Nino,2023,12,9,21,11.70,11.70,Montalban,2023,12,9,21,21.56,2023-12-09 21:00:00,Nangka,0.0,0.0,Mt. Oro,0.0,0.0,18.259205461888453,0.0,28.5,28.5,18.259205461888453,0.0,28.5,18.259205461888453,0.0
Nangka,2023,12,9,22,15.93,Sto Nino,2023,12,9,22,11.70,11.70,Montalban,2023,12,9,22,21.56,2023-12-09 22:00:00,Nangka,0.0,0.0,Mt. Oro,0.0,0.0,18.166475399714223,0.0,28.1,28.1,18.166475399714223,0.0,28.1,18.166475399714223,0.0
Nangka,2023,12,9,23,15.93,Sto Nino,2023,12,9,23,11.69,11.69,Montalban,2023,12,9,23,21.56,2023-12-09 23:00:00,Nangka,0.0,0.0,Mt. Oro,0.0,0.0,15.691016327042398,0.0,24.7,24.7,15.691016327042398,0.0,24.7,15.691016327042398,0.0
Nangka,2023,12,10,0,15.93,Sto Nino,2023,12,10,0,11.68,11.68,Montalban,2023,12,10,0,21.56,2023-12-10 00:00:00,Nangka,0.0,0.0,Mt. Oro,0.0,0.0,18.166475399714223,0.0,27.5,27.5,18.166475399714223,0.0,27.5,18.166475399714223,0.0
Nangka,2023,12,10,1,15.93,Sto Nino,2023,12,10,1,11.66,11.66,Montalban,2023,12,10,1,21.56,2023-12-10 01:00:00,Nangka,0.0,0.0,Mt. Oro,0.0,0.0,18.389389613699596,0.0,27.2,27.2,18.389389613699596,0.0,27.2,18.389389613699596,0.0
Nangka,2023,12,10,2,15.93,Sto Nino,2023,12,10,2,11.64,11.64,Montalban,2023,12,10,2,21.56,2023-12-10 02:00:00,Nangka,0.0,0.0,Mt. Oro,0.0,0.0,15.706762667722419,0.0,24.5,24.5,15.706762667722419,0.0,24.5,15.706762667722419,0.0
Nangka,2023,12,10,3,15.93,Sto Nino,2023,12,10,3,11.63,11.63,Montalban,2023,12,10,3,21.56,2023-12-10 03:00:00,Nangka,0.0,0.0,Mt. Oro,0.0,0.0,18.296093102237673,0.0,26.7,26.7,18.296093102237673,0.0,26.7,18.296093102237673,0.0
Nangka,2023,12,10,4,15.93,Sto Nino,2023,12,10,4,11.62,11.62,Montalban,2023,12,10,4,21.56,2023-12-10 04:00:00,Nangka,0.0,0.0,Mt. Oro,0.0,0.0,18.296093102237673,0.0,26.5,26.5,18.296093102237673,0.0,26.5,18.296093102237673,0.0
Nangka,2023,12,10,5,15.93,Sto Nino,2023,12,10,5,11.60,11.60,Montalban,2023,12,10,5,21.56,2023-12-10 05:00:00,Nangka,0.0,0.0,Mt. Oro,0.0,0.0,15.706762667722419,0.0,22.9,22.9,15.706762667722419,0.0,22.9,15.706762667722419,0.0
Nangka,2023,12,10,6,15.93,Sto Nino,2023,12,10,6,11.59,11.59,Montalban,2023,12,10,6,21.56,2023-12-10 06:00:00,Nangka,0.0,0.0,Mt. Oro,0.0,0.0,18.05592092985296,0.0,27.2,27.2,18.05592092985296,0.0,27.2,18.05592092985296,0.0
Nangka,2023,12,10,7,15.93,Sto Nino,2023,12,10,7,11.59,11.59,Montalban,2023,12,10,7,21.56,2023-12-10 07:00:00,Nangka,0.0,0.0,Mt. Oro,0.0,0.0,17.727833795769683,0.0,28.0,28.0,17.727833795769683,0.0,28.0,17.727833795769683,0.0
Nangka,2023,12,10,8,15.93,Sto Nino,2023,12,10,8,11.60,11.60,Montalban,2023,12,10,8,21.56,2023-12-10 08:00:00,Nangka,0.0,0.0,Mt. Oro,0.0,0.0,16.486566377984758,0.0,26.1,26.1,16.486566377984758,0.0,26.1,16.486566377984758,0.0
Nangka,2023,12,10,9,15.93,Sto Nino,2023,12,10,9,11.61,11.61,Montalban,2023,12,10,9,21.56,2023-12-10 09:00:00,Nangka,0.0,0.0,Mt. Oro,0.0,0.0,17.387515278646227,0.0,29.6,29.6,17.387515278646227,0.0,29.6,17.387515278646227,0.0
Nangka,2023,12,10,10,15.93,Sto Nino,2023,12,10,10,11.63,11.63,Montalban,2023,12,10,10,21.56,2023-12-10 10:00:00,Nangka,0.0,0.0,Mt. Oro,0.0,0.0,17.601899159077025,0.0,30.6,30.6,17.601899159077025,0.0,30.6,17.601899159077025,0.0
Nangka,2023,12,10,11,15.93,Sto Nino,2023,12,10,11,11.64,11.64,Montalban,2023,12,10,11,21.56,2023-12-10 11:00:00,Nangka,0.0,0.0,Mt. Oro,0.0,0.0,15.88664022620176,0.0,31.2,31.2,15.88664022620176,0.0,31.2,15.88664022620176,0.0
Nangka,2023,12,10,12,15.93,Sto Nino,2023,12,10,12,11.65,11.65,Montalban,2023,12,10,12,21.56,2023-12-10 12:00:00,Nangka,0.0,0.0,Mt. Oro,0.0,0.0,17.9640881959593,0.0,32.0,32.0,17.9640881959593,0.0,32.0,17.9640881959593,0.0
Nangka,2023,12,10,13,15.93,Sto Nino,2023,12,10,13,11.65,11.65,Montalban,2023,12,10,13,21.56,2023-12-10 13:00:00,Nangka,0.0,0.0,Mt. Oro,0.0,0.0,17.655271534344323,0.0,32.3,32.3,17.655271534344323,0.0,32.3,17.655271534344323,0.0
Nangka,2023,12,10,14,15.93,Sto Nino,2023,12,10,14,11.65,11.65,Montalban,2023,12,10,14,21.56,2023-12-10 14:00:00,Nangka,0.0,0.0,Mt. Oro,0.0,0.0,13.545449622044933,0.0,33.5,33.5,13.545449622044933,0.0,33.5,13.545449622044933,0.0
Nangka,2023,12,10,15,15.93,Sto Nino,2023,12,10,15,11.65,11.65,Montalban,2023,12,10,15,21.56,2023-12-10 15:00:00,Nangka,0.0,0.0,Mt. Oro,0.0,0.0,17.781645926668453,0.0,32.1,32.1,17.781645926668453,0.0,32.1,17.781645926668453,0.0
Nangka,2023,12,10,16,15.93,Sto Nino,2023,12,10,16,11.67,11.67,Montalban,2023,12,10,16,21.56,2023-12-10 16:00:00,Nangka,0.0,0.0,Mt. Oro,0.0,0.0,17.890748816272787,0.0,31.4,31.4,17.890748816272787,0.0,31.4,17.890748816272787,0.0
Nangka,2023,12,10,17,15.93,Sto Nino,2023,12,10,17,11.68,11.68,Montalban,2023,12,10,17,21.56,2023-12-10 17:00:00,Nangka,0.0,0.0,Mt. Oro,0.0,0.0,15.05322859251828,0.0,30.9,30.9,15.05322859251828,0.0,30.9,15.05322859251828,0.0
Nangka,2023,12,10,18,15.93,Sto Nino,2023,12,10,18,11.70,11.70,Montalban,2023,12,10,18,21.56,2023-12-10 18:00:00,Nangka,0.0,0.0,Mt. Oro,0.0,0.0,18.18482432484032,0.0,30.1,30.1,18.18482432484032,0.0,30.1,18.18482432484032,0.0
Nangka,2023,12,10,19,15.93,Sto Nino,2023,12,10,19,11.68,11.68,Montalban,2023,12,10,19,21.56,2023-12-10 19:00:00,Nangka,0.0,0.0,Mt. Oro,0.0,0.0,18.05592092985296,0.0,29.2,29.2,18.05592092985296,0.0,29.2,18.05592092985296,0.0
Nangka,2023,12,10,20,15.93,Sto Nino,2023,12,10,20,11.68,11.68,Montalban,2023,12,10,20,21.56,2023-12-10 20:00:00,Nangka,0.0,0.0,Mt. Oro,0.0,0.0,17.42418840965474,0.0,27.1,27.1,17.42418840965474,0.0,27.1,17.42418840965474,0.0
Nangka,2023,12,10,21,15.93,Sto Nino,2023,12,10,21,11.67,11.67,Montalban,2023,12,10,21,21.56,2023-12-10 21:00:00,Nangka,0.0,0.0,Mt. Oro,0.0,0.0,17.70996872375281,2.0,28.0,28.0,17.70996872375281,2.0,28.0,17.70996872375281,2.0
Nangka,2023,12,10,22,15.93,Sto Nino,2023,12,10,22,11.67,11.67,Montalban,2023,12,10,22,21.56,2023-12-10 22:00:00,Nangka,0.0,0.0,Mt. Oro,0.0,0.0,18.27763067056126,0.0,27.4,27.4,18.27763067056126,0.0,27.4,18.27763067056126,0.0
Nangka,2023,12,10,23,15.93,Sto Nino,2023,12,10,23,11.67,11.67,Montalban,2023,12,10,23,21.56,2023-12-10 23:00:00,Nangka,0.0,0.0,Mt. Oro,0.0,0.0,18.40886147219884,0.0,25.6,25.6,18.40886147219884,0.0,25.6,18.40886147219884,0.0
Nangka,2023,12,11,0,15.93,Sto Nino,2023,12,11,0,11.66,11.66,Montalban,2023,12,11,0,21.56,2023-12-11 00:00:00,Nangka,0.0,0.0,Mt. Oro,0.0,0.0,18.957340769695374,0.0,26.4,26.4,18.957340769695374,0.0,26.4,18.957340769695374,0.0
Nangka,2023,12,11,1,15.93,Sto Nino,2023,12,11,1,11.64,11.64,Montalban,2023,12,11,1,21.56,2023-12-11 01:00:00,Nangka,0.0,0.0,Mt. Oro,0.0,0.0,18.842519965034864,0.0,26.1,26.1,18.842519965034864,0.0,26.1,18.842519965034864,0.0
Nangka,2023,12,11,2,15.93,Sto Nino,2023,12,11,2,11.62,11.62,Montalban,2023,12,11,2,21.56,2023-12-11 02:00:00,Nangka,0.0,0.0,Mt. Oro,0.0,0.0,17.229121317237574,0.0,24.4,24.4,17.229121317237574,0.0,24.4,17.229121317237574,0.0
Nangka,2023,12,11,3,15.93,Sto Nino,2023,12,11,3,11.60,11.60,Montalban,2023,12,11,3,21.56,2023-12-11 03:00:00,Nangka,0.0,0.0,Mt. Oro,0.0,0.0,18.407966183511277,0.0,25.7,25.7,18.407966183511277,0.0,25.7,18.407966183511277,0.0
Nangka,2023,12,11,4,15.93,Sto Nino,2023,12,11,4,11.59,11.59,Montalban,2023,12,11,4,21.56,2023-12-11 04:00:00,Nangka,0.0,0.0,Mt. Oro,0.0,0.0,18.407966183511277,0.0,25.8,25.8,18.407966183511277,0.0,25.8,18.407966183511277,0.0
Nangka,2023,12,11,5,15.93,Sto Nino,2023,12,11,5,11.57,11.57,Montalban,2023,12,11,5,21.56,2023-12-11 05:00:00,Nangka,0.0,0.0,Mt. Oro,0.0,0.0,16.70772353710988,0.0,23.4,23.4,16.70772353710988,0.0,23.4,16.70772353710988,0.0
Nangka,2023,12,11,6,15.93,Sto Nino,2023,12,11,6,11.57,11.57,Montalban,2023,12,11,6,21.56,2023-12-11 06:00:00,Nangka,0.0,0.0,Mt. Oro,0.0,0.0,18.61473006336323,0.0,26.8,26.8,18.61473006336323,0.0,26.8,18.61473006336323,0.0
Nangka,2023,12,11,7,15.93,Sto Nino,2023,12,11,7,11.56,11.56,Montalban,2023,12,11,7,21.56,2023-12-11 07:00:00,Nangka,0.0,0.0,Mt. Oro,0.0,0.0,18.37085049952466,0.0,27.5,27.5,18.37085049952466,0.0,27.5,18.37085049952466,0.0
Nangka,2023,12,11,8,15.93,Sto Nino,2023,12,11,8,11.57,11.57,Montalban,2023,12,11,8,21.56,2023-12-11 08:00:00,Nangka,0.0,0.0,Mt. Oro,0.0,0.0,16.57186292990022,0.0,26.9,26.9,16.57186292990022,0.0,26.9,16.57186292990022,0.0
Nangka,2023,12,11,9,15.93,Sto Nino,2023,12,11,9,11.59,11.59,Montalban,2023,12,11,9,21.56,2023-12-11 09:00:00,Nangka,0.0,0.0,Mt. Oro,0.0,0.0,18.46448538213696,0.0,28.9,28.9,18.46448538213696,0.0,28.9,18.46448538213696,0.0
Nangka,2023,12,11,10,15.93,Sto Nino,2023,12,11,10,11.58,11.58,Montalban,2023,12,11,10,21.56,2023-12-11 10:00:00,Nangka,0.0,0.0,Mt. Oro,0.0,0.0,18.57723021617604,0.0,30.0,30.0,18.57723021617604,0.0,30.0,18.57723021617604,0.0
Nangka,2023,12,11,11,15.93,Sto Nino,2023,12,11,11,11.59,11.59,Montalban,2023,12,11,11,21.56,2023-12-11 11:00:00,Nangka,0.0,0.0,Mt. Oro,0.0,0.0,17.837984983162407,0.0,29.9,29.9,17.837984983162407,0.0,29.9,17.837984983162407,0.0
Nangka,2023,12,11,12,15.93,Sto Nino,2023,12,11,12,11.61,11.61,Montalban,2023,12,11,12,21.56,2023-12-11 12:00:00,Nangka,0.0,0.0,Mt. Oro,1.0,1.0,18.61473006336323,0.0,31.5,31.5,18.61473006336323,0.0,31.5,18.61473006336323,0.0
Nangka,2023,12,11,13,15.93,Sto Nino,2023,12,11,13,11.62,11.62,Montalban,2023,12,11,13,21.56,2023-12-11 13:00:00,Nangka,0.0,0.0,Mt. Oro,0.0,0.0,18.52044645540622,1.0,31.7,31.7,18.52044645540622,1.0,31.7,18.52044645540622,1.0
Nangka,2023,12,11,14,15.93,Sto Nino,2023,12,11,14,11.67,11.67,Montalban,2023,12,11,14,21.56,2023-12-11 14:00:00,Nangka,0.0,0.0,Mt. Oro,0.0,0.0,18.99607098878413,1.0,29.2,29.2,18.99607098878413,1.0,29.2,18.99607098878413,1.0
Nangka,2023,12,11,15,15.93,Sto Nino,2023,12,11,15,11.68,11.68,Montalban,2023,12,11,15,21.56,2023-12-11 15:00:00,Nangka,0.0,0.0,Mt. Oro,0.0,0.0,18.296093102237673,0.0,31.5,31.5,18.296093102237673,0.0,31.5,18.296093102237673,0.0
Nangka,2023,12,11,16,15.93,Sto Nino,2023,12,11,16,11.65,11.65,Montalban,2023,12,11,16,21.56,2023-12-11 16:00:00,Nangka,0.0,0.0,Mt. Oro,0.0,0.0,18.52044645540622,0.0,30.9,30.9,18.52044645540622,0.0,30.9,18.52044645540622,0.0
Nangka,2023,12,11,17,15.93,Sto Nino,2023,12,11,17,11.65,11.65,Montalban,2023,12,11,17,21.56,2023-12-11 17:00:00,Nangka,0.0,0.0,Mt. Oro,0.0,0.0,18.99607098878413,0.0,29.4,29.4,18.99607098878413,0.0,29.4,18.99607098878413,0.0
Nangka,2023,12,11,18,15.93,Sto Nino,2023,12,11,18,11.66,11.66,Montalban,2023,12,11,18,21.56,2023-12-11 18:00:00,Nangka,0.0,0.0,Mt. Oro,0.0,0.0,18.50175511268274,0.0,29.4,29.4,18.50175511268274,0.0,29.4,18.50175511268274,0.0
Nangka,2023,12,11,19,15.93,Sto Nino,2023,12,11,19,11.67,11.67,Montalban,2023,12,11,19,21.56,2023-12-11 19:00:00,Nangka,0.0,0.0,Mt. Oro,0.0,0.0,18.389389613699596,0.0,28.8,28.8,18.389389613699596,0.0,28.8,18.389389613699596,0.0
Nangka,2023,12,11,20,15.93,Sto Nino,2023,12,11,20,11.69,11.69,Montalban,2023,12,11,20,21.56,2023-12-11 20:00:00,Nangka,0.0,0.0,Mt. Oro,0.0,0.0,18.86213379072293,0.0,26.2,26.2,18.86213379072293,0.0,26.2,18.86213379072293,0.0
Nangka,2023,12,11,21,15.93,Sto Nino,2023,12,11,21,11.69,11.69,Montalban,2023,12,11,21,21.56,2023-12-11 21:00:00,Nangka,0.0,0.0,Mt. Oro,0.0,0.0,17.927877140759456,0.0,27.9,27.9,17.927877140759456,0.0,27.9,17.927877140759456,0.0
Nangka,2023,12,11,22,15.93,Sto Nino,2023,12,11,22,11.68,11.68,Montalban,2023,12,11,22,21.56,2023-12-11 22:00:00,Nangka,0.0,0.0,Mt. Oro,0.0,0.0,18.14816346627618,0.0,27.5,27.5,18.14816346627618,0.0,27.5,18.14816346627618,0.0
Nangka,2023,12,11,23,15.93,Sto Nino,2023,12,11,23,11.67,11.67,Montalban,2023,12,11,23,21.56,2023-12-11 23:00:00,Nangka,0.0,0.0,Mt. Oro,0.0,0.0,17.965289905890266,0.0,25.0,25.0,17.965289905890266,0.0,25.0,17.965289905890266,0.0
Nangka,2023,12,12,0,15.93,Sto Nino,2023,12,12,0,11.66,11.66,Montalban,2023,12,12,0,21.56,2023-12-12 00:00:00,Nangka,0.0,0.0,Mt. Oro,0.0,0.0,18.61473006336323,0.0,26.8,26.8,18.61473006336323,0.0,26.8,18.61473006336323,0.0
Nangka,2023,12,12,1,15.93,Sto Nino,2023,12,12,1,11.65,11.65,Montalban,2023,12,12,1,21.56,2023-12-12 01:00:00,Nangka,0.0,0.0,Mt. Oro,0.0,0.0,18.27763067056126,0.0,26.5,26.5,18.27763067056126,0.0,26.5,18.27763067056126,0.0
Nangka,2023,12,12,2,15.93,Sto Nino,2023,12,12,2,11.62,11.62,Montalban,2023,12,12,2,21.56,2023-12-12 02:00:00,Nangka,0.0,0.0,Mt. Oro,0.0,0.0,17.335117494392755,0.0,24.0,24.0,17.335117494392755,0.0,24.0,17.335117494392755,0.0
Nangka,2023,12,12,3,15.93,Sto Nino,2023,12,12,3,11.60,11.60,Montalban,2023,12,12,3,21.56,2023-12-12 03:00:00,Nangka,0.0,0.0,Mt. Oro,0.0,0.0,17.945964401868444,0.0,26.2,26.2,17.945964401868444,0.0,26.2,17.945964401868444,0.0
Nangka,2023,12,12,4,15.93,Sto Nino,2023,12,12,4,11.58,11.58,Montalban,2023,12,12,4,21.56,2023-12-12 04:00:00,Nangka,0.0,0.0,Mt. Oro,0.0,0.0,17.727833795769683,0.0,25.8,25.8,17.727833795769683,0.0,25.8,17.727833795769683,0.0
Nangka,2023,12,12,5,15.93,Sto Nino,2023,12,12,5,11.57,11.57,Montalban,2023,12,12,5,21.56,2023-12-12 05:00:00,Nangka,0.0,0.0,Mt. Oro,0.0,0.0,16.914576974714574,0.0,23.6,23.6,16.914576974714574,0.0,23.6,16.914576974714574,0.0
Nangka,2023,12,12,6,15.93,Sto Nino,2023,12,12,6,11.55,11.55,Montalban,2023,12,12,6,21.56,2023-12-12 06:00:00,Nangka,0.0,0.0,Mt. Oro,0.0,0.0,17.49441560931071,0.0,26.6,26.6,17.49441560931071,0.0,26.6,17.49441560931071,0.0
Nangka,2023,12,12,7,15.93,Sto Nino,2023,12,12,7,11.55,11.55,Montalban,2023,12,12,7,21.56,2023-12-12 07:00:00,Nangka,0.0,0.0,Mt. Oro,0.0,0.0,17.263802420610716,0.0,27.5,27.5,17.263802420610716,0.0,27.5,17.263802420610716,0.0
Nangka,2023,12,12,8,15.93,Sto Nino,2023,12,12,8,11.57,11.57,Montalban,2023,12,12,8,21.56,2023-12-12 08:00:00,Nangka,0.0,0.0,Mt. Oro,0.0,0.0,16.57186292990022,0.0,26.5,26.5,16.57186292990022,0.0,26.5,16.57186292990022,0.0
Nangka,2023,12,12,9,15.93,Sto Nino,2023,12,12,9,11.57,11.57,Montalban,2023,12,12,9,21.56,2023-12-12 09:00:00,Nangka,0.0,0.0,Mt. Oro,0.0,0.0,16.948618465640685,0.0,29.4,29.4,16.948618465640685,0.0,29.4,16.948618465640685,0.0
Nangka,2023,12,12,10,15.93,Sto Nino,2023,12,12,10,11.57,11.57,Montalban,2023,12,12,10,21.56,2023-12-12 10:00:00,Nangka,0.0,0.0,Mt. Oro,0.0,0.0,17.37001419053554,0.0,30.4,30.4,17.37001419053554,0.0,30.4,17.37001419053554,0.0
Nangka,2023,12,12,11,15.93,Sto Nino,2023,12,12,11,11.58,11.58,Montalban,2023,12,12,11,21.56,2023-12-12 11:00:00,Nangka,0.0,0.0,Mt. Oro,0.0,0.0,16.368786608647056,0.0,31.8,31.8,16.368786608647056,0.0,31.8,16.368786608647056,0.0
Nangka,2023,12,12,12,15.93,Sto Nino,2023,12,12,12,11.60,11.60,Montalban,2023,12,12,12,21.56,2023-12-12 12:00:00,Nangka,0.0,0.0,Mt. Oro,0.0,0.0,17.836602968796935,0.0,31.7,31.7,17.836602968796935,0.0,31.7,17.836602968796935,0.0
Nangka,2023,12,12,13,15.93,Sto Nino,2023,12,12,13,11.61,11.61,Montalban,2023,12,12,13,21.56,2023-12-12 13:00:00,Nangka,0.0,0.0,Mt. Oro,0.0,0.0,17.745734947249407,0.0,32.1,32.1,17.745734947249407,0.0,32.1,17.745734947249407,0.0
Nangka,2023,12,12,14,15.93,Sto Nino,2023,12,12,14,11.63,11.63,Montalban,2023,12,12,14,21.56,2023-12-12 14:00:00,Nangka,0.0,0.0,Mt. Oro,0.0,0.0,17.246444433769327,0.0,33.6,33.6,17.246444433769327,0.0,33.6,17.246444433769327,0.0
Nangka,2023,12,12,15,15.93,Sto Nino,2023,12,12,15,11.62,11.62,Montalban,2023,12,12,15,21.56,2023-12-12 15:00:00,Nangka,0.0,0.0,Mt. Oro,0.0,0.0,17.872663711073102,0.0,31.9,31.9,17.872663711073102,0.0,31.9,17.872663711073102,0.0
Nangka,2023,12,12,16,15.93,Sto Nino,2023,12,12,16,11.61,11.61,Montalban,2023,12,12,16,21.56,2023-12-12 16:00:00,Nangka,0.0,0.0,Mt. Oro,0.0,0.0,17.63744481547835,0.0,31.4,31.4,17.63744481547835,0.0,31.4,17.63744481547835,0.0
Nangka,2023,12,12,17,15.93,Sto Nino,2023,12,12,17,11.63,11.63,Montalban,2023,12,12,17,21.56,2023-12-12 17:00:00,Nangka,0.0,0.0,Mt. Oro,0.0,0.0,16.810867791592777,0.0,30.4,30.4,16.810867791592777,0.0,30.4,16.810867791592777,0.0
Nangka,2023,12,12,18,15.93,Sto Nino,2023,12,12,18,11.63,11.63,Montalban,2023,12,12,18,21.56,2023-12-12 18:00:00,Nangka,0.0,0.0,Mt. Oro,0.0,0.0,17.836602968796935,0.0,30.0,30.0,17.836602968796935,0.0,30.0,17.836602968796935,0.0
Nangka,2023,12,12,19,15.93,Sto Nino,2023,12,12,19,11.66,11.66,Montalban,2023,12,12,19,21.56,2023-12-12 19:00:00,Nangka,0.0,0.0,Mt. Oro,0.0,0.0,17.927877140759456,0.0,29.4,29.4,17.927877140759456,0.0,29.4,17.927877140759456,0.0
Nangka,2023,12,12,20,15.93,Sto Nino,2023,12,12,20,11.66,11.66,Montalban,2023,12,12,20,21.56,2023-12-12 20:00:00,Nangka,0.0,0.0,Mt. Oro,0.0,0.0,16.7940033715441,0.0,27.6,27.6,16.7940033715441,0.0,27.6,16.7940033715441,0.0
Nangka,2023,12,12,21,15.93,Sto Nino,2023,12,12,21,11.69,11.69,Montalban,2023,12,12,21,21.56,2023-12-12 21:00:00,Nangka,0.0,0.0,Mt. Oro,0.0,0.0,18.259205461888453,0.0,28.5,28.5,18.259205461888453,0.0,28.5,18.259205461888453,0.0
Nangka,2023,12,12,22,15.93,Sto Nino,2023,12,12,22,11.69,11.69,Montalban,2023,12,12,22,21.56,2023-12-12 22:00:00,Nangka,0.0,0.0,Mt. Oro,0.0,0.0,18.37085049952466,0.0,28.1,28.1,18.37085049952466,0.0,28.1,18.37085049952466,0.0
Nangka,2023,12,12,23,15.93,Sto Nino,2023,12,12,23,11.68,11.68,Montalban,2023,12,12,23,21.56,2023-12-12 23:00:00,Nangka,0.0,0.0,Mt. Oro,0.0,0.0,17.51365869950709,0.0,25.9,25.9,17.51365869950709,0.0,25.9,17.51365869950709,0.0
Nangka,2023,12,13,0,15.93,Sto Nino,2023,12,13,0,11.67,11.67,Montalban,2023,12,13,0,21.56,2023-12-13 00:00:00,Nangka,0.0,0.0,Mt. Oro,0.0,0.0,17.927877140759456,0.0,27.5,27.5,17.927877140759456,0.0,27.5,17.927877140759456,0.0
Nangka,2023,12,13,1,15.93,Sto Nino,2023,12,13,1,11.67,11.67,Montalban,2023,12,13,1,21.56,2023-12-13 01:00:00,Nangka,0.0,0.0,Mt. Oro,0.0,0.0,18.389389613699596,1.25,27.2,27.2,18.389389613699596,1.25,27.2,18.389389613699596,1.25
Nangka,2023,12,13,2,15.93,Sto Nino,2023,12,13,2,11.63,11.63,Montalban,2023,12,13,2,21.56,2023-12-13 02:00:00,Nangka,0.0,0.0,Mt. Oro,0.0,0.0,18.50175511268274,0.0,26.9,26.9,18.50175511268274,0.0,26.9,18.50175511268274,0.0
Nangka,2023,12,13,3,15.93,Sto Nino,2023,12,13,3,11.60,11.60,Montalban,2023,12,13,3,21.56,2023-12-13 03:00:00,Nangka,0.0,0.0,Mt. Oro,0.0,0.0,18.61473006336323,0.0,26.6,26.6,18.61473006336323,0.0,26.6,18.61473006336323,0.0
Nangka,2023,12,13,4,15.93,Sto Nino,2023,12,13,4,11.57,11.57,Montalban,2023,12,13,4,21.56,2023-12-13 04:00:00,Nangka,0.0,0.0,Mt. Oro,0.0,0.0,18.27763067056126,0.0,26.5,26.5,18.27763067056126,0.0,26.5,18.27763067056126,0.0
Nangka,2023,12,13,5,15.93,Sto Nino,2023,12,13,5,11.55,11.55,Montalban,2023,12,13,5,21.56,2023-12-13 05:00:00,Nangka,0.0,0.0,Mt. Oro,0.0,0.0,16.897607457343636,0.0,24.0,24.0,16.897607457343636,0.0,24.0,16.897607457343636,0.0
Nangka,2023,12,13,6,15.93,Sto Nino,2023,12,13,6,11.54,11.54,Montalban,2023,12,13,6,21.56,2023-12-13 06:00:00,Nangka,0.0,0.0,Mt. Oro,0.0,0.0,17.818627111074914,0.0,27.4,27.4,17.818627111074914,0.0,27.4,17.818627111074914,0.0
Nangka,2023,12,13,7,15.93,Sto Nino,2023,12,13,7,11.52,11.52,Montalban,2023,12,13,7,21.56,2023-12-13 07:00:00,Nangka,0.0,0.0,Mt. Oro,0.0,0.0,18.019559009884464,0.0,28.0,28.0,18.019559009884464,0.0,28.0,18.019559009884464,0.0
Nangka,2023,12,13,8,15.93,Sto Nino,2023,12,13,8,11.53,11.53,Montalban,2023,12,13,8,21.56,2023-12-13 08:00:00,Nangka,0.0,0.0,Mt. Oro,0.0,0.0,18.149429626870813,0.0,26.5,26.5,18.149429626870813,0.0,26.5,18.149429626870813,0.0
Nangka,2023,12,13,9,15.93,Sto Nino,2023,12,13,9,11.54,11.54,Montalban,2023,12,13,9,21.56,2023-12-13 09:00:00,Nangka,0.0,0.0,Mt. Oro,0.0,0.0,18.001432915249755,0.0,29.5,29.5,18.001432915249755,0.0,29.5,18.001432915249755,0.0
Nangka,2023,12,13,10,15.93,Sto Nino,2023,12,13,10,11.54,11.54,Montalban,2023,12,13,10,21.56,2023-12-13 10:00:00,Nangka,0.0,0.0,Mt. Oro,0.0,0.0,18.445906767008506,0.0,30.6,30.6,18.445906767008506,0.0,30.6,18.445906767008506,0.0
Nangka,2023,12,13,11,15.93,Sto Nino,2023,12,13,11,11.54,11.54,Montalban,2023,12,13,11,21.56,2023-12-13 11:00:00,Nangka,0.0,0.0,Mt. Oro,0.0,0.0,18.371964676813167,0.0,30.4,30.4,18.371964676813167,0.0,30.4,18.371964676813167,0.0
Nangka,2023,12,13,12,15.93,Sto Nino,2023,12,13,12,11.56,11.56,Montalban,2023,12,13,12,21.56,2023-12-13 12:00:00,Nangka,0.0,0.0,Mt. Oro,0.0,0.0,18.690586131715897,0.0,31.7,31.7,18.690586131715897,0.0,31.7,18.690586131715897,0.0
Nangka,2023,12,13,13,15.93,Sto Nino,2023,12,13,13,11.57,11.57,Montalban,2023,12,13,13,21.56,2023-12-13 13:00:00,Nangka,0.0,0.0,Mt. Oro,0.0,0.0,18.595961234628195,0.0,31.6,31.6,18.595961234628195,0.0,31.6,18.595961234628195,0.0
Nangka,2023,12,13,14,15.93,Sto Nino,2023,12,13,14,11.59,11.59,Montalban,2023,12,13,14,21.56,2023-12-13 14:00:00,Nangka,0.0,0.0,Mt. Oro,0.0,0.0,22.725044904346756,0.0,33.5,33.5,22.725044904346756,0.0,33.5,22.725044904346756,0.0
Nangka,2023,12,13,15,15.93,Sto Nino,2023,12,13,15,11.60,11.60,Montalban,2023,12,13,15,21.56,2023-12-13 15:00:00,Nangka,0.0,0.0,Mt. Oro,0.0,0.0,18.842519965034864,0.0,30.7,30.7,18.842519965034864,0.0,30.7,18.842519965034864,0.0
Nangka,2023,12,13,16,15.93,Sto Nino,2023,12,13,16,11.60,11.60,Montalban,2023,12,13,16,21.56,2023-12-13 16:00:00,Nangka,0.0,0.0,Mt. Oro,0.0,0.0,18.37085049952466,0.0,30.5,30.5,18.37085049952466,0.0,30.5,18.37085049952466,0.0
Nangka,2023,12,13,17,15.93,Sto Nino,2023,12,13,17,11.60,11.60,Montalban,2023,12,13,17,21.56,2023-12-13 17:00:00,Nangka,0.0,0.0,Mt. Oro,0.0,0.0,19.092465823906487,0.0,30.8,30.8,19.092465823906487,0.0,30.8,19.092465823906487,0.0
Nangka,2023,12,13,18,15.93,Sto Nino,2023,12,13,18,11.61,11.61,Montalban,2023,12,13,18,21.56,2023-12-13 18:00:00,Nangka,0.0,0.0,Mt. Oro,0.0,0.0,18.019559009884464,0.25,30.0,30.0,18.019559009884464,0.25,30.0,18.019559009884464,0.25
Nangka,2023,12,13,19,15.93,Sto Nino,2023,12,13,19,11.61,11.61,Montalban,2023,12,13,19,21.56,2023-12-13 19:00:00,Nangka,0.0,0.0,Mt. Oro,0.0,0.0,17.909826302281676,0.0,29.3,29.3,17.909826302281676,0.0,29.3,17.909826302281676,0.0
Nangka,2023,12,13,20,15.93,Sto Nino,2023,12,13,20,11.64,11.64,Montalban,2023,12,13,20,21.56,2023-12-13 20:00:00,Nangka,0.0,0.0,Mt. Oro,0.0,0.0,17.49611666769003,0.0,27.4,27.4,17.49611666769003,0.0,27.4,17.49611666769003,0.0
Nangka,2023,12,13,21,15.93,Sto Nino,2023,12,13,21,11.67,11.67,Montalban,2023,12,13,21,21.56,2023-12-13 21:00:00,Nangka,0.0,0.0,Mt. Oro,0.0,0.0,17.674346382679957,0.0,28.4,28.4,17.674346382679957,0.0,28.4,17.674346382679957,0.0
Nangka,2023,12,13,22,15.93,Sto Nino,2023,12,13,22,11.69,11.69,Montalban,2023,12,13,22,21.56,2023-12-13 22:00:00,Nangka,0.0,0.0,Mt. Oro,0.0,0.0,17.891811776528446,0.0,27.9,27.9,17.891811776528446,0.0,27.9,17.891811776528446,0.0
Nangka,2023,12,13,23,15.93,Sto Nino,2023,12,13,23,11.70,11.70,Montalban,2023,12,13,23,21.56,2023-12-13 23:00:00,Nangka,0.0,0.0,Mt. Oro,0.0,0.0,17.283034565813704,0.0,25.7,25.7,17.283034565813704,0.0,25.7,17.283034565813704,0.0
Nangka,2023,12,14,0,15.93,Sto Nino,2023,12,14,0,11.69,11.69,Montalban,2023,12,14,0,21.56,2023-12-14 00:00:00,Nangka,0.0,0.0,Mt. Oro,0.0,0.0,18.129888412775212,0.0,27.0,27.0,18.129888412775212,0.0,27.0,18.129888412775212,0.0
Nangka,2023,12,14,1,15.93,Sto Nino,2023,12,14,1,11.66,11.66,Montalban,2023,12,14,1,21.56,2023-12-14 01:00:00,Nangka,0.0,0.0,Mt. Oro,0.0,0.0,17.909826302281676,0.0,26.8,26.8,17.909826302281676,0.0,26.8,17.909826302281676,0.0
Nangka,2023,12,14,2,15.93,Sto Nino,2023,12,14,2,11.62,11.62,Montalban,2023,12,14,2,21.56,2023-12-14 02:00:00,Nangka,0.0,0.0,Mt. Oro,0.0,0.0,17.072259793491725,0.0,25.5,25.5,17.072259793491725,0.0,25.5,17.072259793491725,0.0
Nangka,2023,12,14,3,15.93,Sto Nino,2023,12,14,3,11.59,11.59,Montalban,2023,12,14,3,21.56,2023-12-14 03:00:00,Nangka,0.0,0.0,Mt. Oro,0.0,0.0,17.692139622232276,0.0,26.4,26.4,17.692139622232276,0.0,26.4,17.692139622232276,0.0
Nangka,2023,12,14,4,15.93,Sto Nino,2023,12,14,4,11.56,11.56,Montalban,2023,12,14,4,21.56,2023-12-14 04:00:00,Nangka,0.0,0.0,Mt. Oro,0.0,0.0,17.263802420610716,0.0,26.2,26.2,17.263802420610716,0.0,26.2,17.263802420610716,0.0
Nangka,2023,12,14,5,15.93,Sto Nino,2023,12,14,5,11.54,11.54,Montalban,2023,12,14,5,21.56,2023-12-14 05:00:00,Nangka,0.0,0.0,Mt. Oro,0.0,0.0,16.453560535429823,0.0,25.1,25.1,16.453560535429823,0.0,25.1,16.453560535429823,0.0
Nangka,2023,12,14,6,15.93,Sto Nino,2023,12,14,6,11.53,11.53,Montalban,2023,12,14,6,21.56,2023-12-14 06:00:00,Nangka,0.0,0.0,Mt. Oro,0.0,0.0,16.21666060297956,0.0,27.2,27.2,16.21666060297956,0.0,27.2,16.21666060297956,0.0
Nangka,2023,12,14,7,15.93,Sto Nino,2023,12,14,7,11.51,11.51,Montalban,2023,12,14,7,21.56,2023-12-14 07:00:00,Nangka,0.0,0.0,Mt. Oro,0.0,0.0,16.116748254161926,0.0,27.8,27.8,16.116748254161926,0.0,27.8,16.116748254161926,0.0
Nangka,2023,12,14,8,15.93,Sto Nino,2023,12,14,8,11.51,11.51,Montalban,2023,12,14,8,21.56,2023-12-14 08:00:00,Nangka,0.0,0.0,Mt. Oro,0.0,0.0,16.13559274015673,0.0,26.7,26.7,16.13559274015673,0.0,26.7,16.13559274015673,0.0
Nangka,2023,12,14,9,15.93,Sto Nino,2023,12,14,9,11.50,11.50,Montalban,2023,12,14,9,21.56,2023-12-14 09:00:00,Nangka,0.0,0.0,Mt. Oro,0.0,0.0,16.30074188198877,0.0,29.3,29.3,16.30074188198877,0.0,29.3,16.30074188198877,0.0
Nangka,2023,12,14,10,15.93,Sto Nino,2023,12,14,10,11.52,11.52,Montalban,2023,12,14,10,21.56,2023-12-14 10:00:00,Nangka,0.0,0.0,Mt. Oro,0.0,0.0,16.72451713729753,0.0,30.0,30.0,16.72451713729753,0.0,30.0,16.72451713729753,0.0
Nangka,2023,12,14,11,15.93,Sto Nino,2023,12,14,11,11.52,11.52,Montalban,2023,12,14,11,21.56,2023-12-14 11:00:00,Nangka,0.0,0.0,Mt. Oro,0.0,0.0,16.13559274015673,0.0,30.3,30.3,16.13559274015673,0.0,30.3,16.13559274015673,0.0
Nangka,2023,12,14,12,15.93,Sto Nino,2023,12,14,12,11.52,11.52,Montalban,2023,12,14,12,21.56,2023-12-14 12:00:00,Nangka,0.0,0.0,Mt. Oro,0.0,0.0,17.05310730959333,0.0,30.9,30.9,17.05310730959333,0.0,30.9,17.05310730959333,0.0
Nangka,2023,12,14,13,15.93,Sto Nino,2023,12,14,13,11.54,11.54,Montalban,2023,12,14,13,21.56,2023-12-14 13:00:00,Nangka,0.0,0.0,Mt. Oro,0.0,0.0,16.965690645602105,0.0,31.1,31.1,16.965690645602105,0.0,31.1,16.965690645602105,0.0
Nangka,2023,12,14,14,15.93,Sto Nino,2023,12,14,14,11.55,11.55,Montalban,2023,12,14,14,21.56,2023-12-14 14:00:00,Nangka,0.0,0.0,Mt. Oro,0.0,0.0,18.729085295156022,0.0,28.3,28.3,18.729085295156022,0.0,28.3,18.729085295156022,0.0
Nangka,2023,12,14,15,15.93,Sto Nino,2023,12,14,15,11.57,11.57,Montalban,2023,12,14,15,21.56,2023-12-14 15:00:00,Nangka,0.0,0.0,Mt. Oro,0.0,0.0,16.758205821192533,0.0,30.9,30.9,16.758205821192533,0.0,30.9,16.758205821192533,0.0
Nangka,2023,12,14,16,15.93,Sto Nino,2023,12,14,16,11.58,11.58,Montalban,2023,12,14,16,21.56,2023-12-14 16:00:00,Nangka,0.0,0.0,Mt. Oro,0.0,0.0,16.965690645602105,0.0,30.2,30.2,16.965690645602105,0.0,30.2,16.965690645602105,0.0
Nangka,2023,12,14,17,15.93,Sto Nino,2023,12,14,17,11.58,11.58,Montalban,2023,12,14,17,21.56,2023-12-14 17:00:00,Nangka,0.0,0.0,Mt. Oro,0.0,0.0,17.31772167466178,0.0,29.1,29.1,17.31772167466178,0.0,29.1,17.31772167466178,0.0
Nangka,2023,12,14,18,15.93,Sto Nino,2023,12,14,18,11.60,11.60,Montalban,2023,12,14,18,21.56,2023-12-14 18:00:00,Nangka,0.0,0.0,Mt. Oro,0.0,0.0,17.263802420610716,0.0,29.2,29.2,17.263802420610716,0.0,29.2,17.263802420610716,0.0
Nangka,2023,12,14,19,15.93,Sto Nino,2023,12,14,19,11.60,11.60,Montalban,2023,12,14,19,21.56,2023-12-14 19:00:00,Nangka,0.0,0.0,Mt. Oro,0.0,0.0,17.263802420610716,0.0,28.5,28.5,17.263802420610716,0.0,28.5,17.263802420610716,0.0
Nangka,2023,12,14,20,15.93,Sto Nino,2023,12,14,20,11.63,11.63,Montalban,2023,12,14,20,21.56,2023-12-14 20:00:00,Nangka,0.0,0.0,Mt. Oro,0.0,0.0,18.48413829928408,0.0,26.8,26.8,18.48413829928408,0.0,26.8,18.48413829928408,0.0
Nangka,2023,12,14,21,15.93,Sto Nino,2023,12,14,21,11.68,11.68,Montalban,2023,12,14,21,21.56,2023-12-14 21:00:00,Nangka,0.0,0.0,Mt. Oro,0.0,0.0,17.352548297805146,0.0,27.6,27.6,17.352548297805146,0.0,27.6,17.352548297805146,0.0
Nangka,2023,12,14,22,15.93,Sto Nino,2023,12,14,22,11.68,11.68,Montalban,2023,12,14,22,21.56,2023-12-14 22:00:00,Nangka,0.0,0.0,Mt. Oro,0.0,0.0,17.891811776528446,0.0,27.3,27.3,17.891811776528446,0.0,27.3,17.891811776528446,0.0
Nangka,2023,12,14,23,15.93,Sto Nino,2023,12,14,23,11.73,11.73,Montalban,2023,12,14,23,21.56,2023-12-14 23:00:00,Nangka,0.0,0.0,Mt. Oro,0.0,0.0,17.802280022696145,0.0,24.9,24.9,17.802280022696145,0.0,24.9,17.802280022696145,0.0
Nangka,2023,12,15,0,15.93,Sto Nino,2023,12,15,0,11.68,11.68,Montalban,2023,12,15,0,21.56,2023-12-15 00:00:00,Nangka,0.0,0.0,Mt. Oro,0.0,0.0,18.46448538213696,0.0,26.7,26.7,18.46448538213696,0.0,26.7,18.46448538213696,0.0
Nangka,2023,12,15,1,15.93,Sto Nino,2023,12,15,1,11.67,11.67,Montalban,2023,12,15,1,21.56,2023-12-15 01:00:00,Nangka,0.0,0.0,Mt. Oro,0.0,0.0,17.476805791555982,0.0,26.6,26.6,17.476805791555982,0.0,26.6,17.476805791555982,0.0
Nangka,2023,12,15,2,15.93,Sto Nino,2023,12,15,2,11.63,11.63,Montalban,2023,12,15,2,21.56,2023-12-15 02:00:00,Nangka,0.0,0.0,Mt. Oro,0.0,0.0,18.05715477881356,0.0,24.7,24.7,18.05715477881356,0.0,24.7,18.05715477881356,0.0
Nangka,2023,12,15,3,15.93,Sto Nino,2023,12,15,3,11.63,11.63,Montalban,2023,12,15,3,21.56,2023-12-15 03:00:00,Nangka,0.0,0.0,Mt. Oro,0.0,0.0,16.349982375692566,0.0,26.4,26.4,16.349982375692566,0.0,26.4,16.349982375692566,0.0
Nangka,2023,12,15,4,15.93,Sto Nino,2023,12,15,4,11.62,11.62,Montalban,2023,12,15,4,21.56,2023-12-15 04:00:00,Nangka,0.0,0.0,Mt. Oro,0.0,0.0,16.965690645602105,0.0,26.3,26.3,16.965690645602105,0.0,26.3,16.965690645602105,0.0
Nangka,2023,12,15,5,15.93,Sto Nino,2023,12,15,5,11.59,11.59,Montalban,2023,12,15,5,21.56,2023-12-15 05:00:00,Nangka,0.0,0.0,Mt. Oro,0.0,0.0,18.52126288341235,0.0,24.4,24.4,18.52126288341235,0.0,24.4,18.52126288341235,0.0
Nangka,2023,12,15,6,15.93,Sto Nino,2023,12,15,6,11.57,11.57,Montalban,2023,12,15,6,21.56,2023-12-15 06:00:00,Nangka,0.0,0.0,Mt. Oro,0.0,0.0,18.37085049952466,0.0,27.0,27.0,18.37085049952466,0.0,27.0,18.37085049952466,0.0
Nangka,2023,12,15,7,15.93,Sto Nino,2023,12,15,7,11.55,11.55,Montalban,2023,12,15,7,21.56,2023-12-15 07:00:00,Nangka,0.0,0.0,Mt. Oro,0.0,0.0,18.259205461888453,0.0,27.6,27.6,18.259205461888453,0.0,27.6,18.259205461888453,0.0
Nangka,2023,12,15,8,15.93,Sto Nino,2023,12,15,8,11.54,11.54,Montalban,2023,12,15,8,21.56,2023-12-15 08:00:00,Nangka,0.0,0.0,Mt. Oro,0.0,0.0,18.352348727818782,0.0,28.1,28.1,18.352348727818782,0.0,28.1,18.352348727818782,0.0
Nangka,2023,12,15,9,15.93,Sto Nino,2023,12,15,9,11.54,11.54,Montalban,2023,12,15,9,21.56,2023-12-15 09:00:00,Nangka,0.0,0.0,Mt. Oro,0.0,0.0,18.46448538213696,0.0,28.9,28.9,18.46448538213696,0.0,28.9,18.46448538213696,0.0
Nangka,2023,12,15,10,15.93,Sto Nino,2023,12,15,10,11.53,11.53,Montalban,2023,12,15,10,21.56,2023-12-15 10:00:00,Nangka,0.0,0.0,Mt. Oro,0.0,0.0,18.24081736376197,0.0,29.4,29.4,18.24081736376197,0.0,29.4,18.24081736376197,0.0
Nangka,2023,12,15,11,15.93,Sto Nino,2023,12,15,11,11.56,11.56,Montalban,2023,12,15,11,21.56,2023-12-15 11:00:00,Nangka,0.0,0.0,Mt. Oro,0.0,0.0,18.03772164455154,0.0,30.0,30.0,18.03772164455154,0.0,30.0,18.03772164455154,0.0
Nangka,2023,12,15,12,15.93,Sto Nino,2023,12,15,12,11.58,11.58,Montalban,2023,12,15,12,21.56,2023-12-15 12:00:00,Nangka,0.0,0.0,Mt. Oro,0.0,0.0,18.842519965034864,0.0,30.2,30.2,18.842519965034864,0.0,30.2,18.842519965034864,0.0
Nangka,2023,12,15,13,15.93,Sto Nino,2023,12,15,13,11.59,11.59,Montalban,2023,12,15,13,21.56,2023-12-15 13:00:00,Nangka,0.0,0.0,Mt. Oro,0.0,0.0,18.52044645540622,0.0,30.4,30.4,18.52044645540622,0.0,30.4,18.52044645540622,0.0
Nangka,2023,12,15,14,15.93,Sto Nino,2023,12,15,14,11.60,11.60,Montalban,2023,12,15,14,21.56,2023-12-15 14:00:00,Nangka,0.0,0.0,Mt. Oro,0.0,0.0,18.296093102237673,0.0,30.7,30.7,18.296093102237673,0.0,30.7,18.296093102237673,0.0
Nangka,2023,12,15,15,15.93,Sto Nino,2023,12,15,15,11.60,11.60,Montalban,2023,12,15,15,21.56,2023-12-15 15:00:00,Nangka,0.0,0.0,Mt. Oro,0.0,0.0,18.407966183511277,0.0,30.3,30.3,18.407966183511277,0.0,30.3,18.407966183511277,0.0
Nangka,2023,12,15,16,15.93,Sto Nino,2023,12,15,16,11.60,11.60,Montalban,2023,12,15,16,21.56,2023-12-15 16:00:00,Nangka,0.0,0.0,Mt. Oro,0.0,0.0,18.63353681698211,0.0,29.7,29.7,18.63353681698211,0.0,29.7,18.63353681698211,0.0
Nangka,2023,12,15,17,15.93,Sto Nino,2023,12,15,17,11.59,11.59,Montalban,2023,12,15,17,21.56,2023-12-15 17:00:00,Nangka,0.0,0.0,Mt. Oro,0.0,0.0,18.61473006336323,0.0,29.5,29.5,18.61473006336323,0.0,29.5,18.61473006336323,0.0
Nangka,2023,12,15,18,15.93,Sto Nino,2023,12,15,18,11.61,11.61,Montalban,2023,12,15,18,21.56,2023-12-15 18:00:00,Nangka,0.0,0.0,Mt. Oro,0.0,0.0,18.61473006336323,0.0,28.6,28.6,18.61473006336323,0.0,28.6,18.61473006336323,0.0
Nangka,2023,12,15,19,15.93,Sto Nino,2023,12,15,19,11.62,11.62,Montalban,2023,12,15,19,21.56,2023-12-15 19:00:00,Nangka,0.0,0.0,Mt. Oro,0.0,0.0,18.595961234628195,0.0,27.9,27.9,18.595961234628195,0.0,27.9,18.595961234628195,0.0
Nangka,2023,12,15,20,15.93,Sto Nino,2023,12,15,20,11.62,11.62,Montalban,2023,12,15,20,21.56,2023-12-15 20:00:00,Nangka,0.0,0.0,Mt. Oro,0.0,0.0,18.919142876328944,0.25,27.1,27.1,18.919142876328944,0.25,27.1,18.919142876328944,0.25
Nangka,2023,12,15,21,15.93,Sto Nino,2023,12,15,21,11.66,11.66,Montalban,2023,12,15,21,21.56,2023-12-15 21:00:00,Nangka,0.0,0.0,Mt. Oro,0.0,0.0,18.919142876328944,1.0,26.7,26.7,18.919142876328944,1.0,26.7,18.919142876328944,1.0
Nangka,2023,12,15,22,15.93,Sto Nino,2023,12,15,22,11.72,11.72,Montalban,2023,12,15,22,21.56,2023-12-15 22:00:00,Nangka,0.0,0.0,Mt. Oro,0.0,0.0,18.919142876328944,1.0,26.5,26.5,18.919142876328944,1.0,26.5,18.919142876328944,1.0
Nangka,2023,12,15,23,15.93,Sto Nino,2023,12,15,23,11.73,11.73,Montalban,2023,12,15,23,21.56,2023-12-15 23:00:00,Nangka,0.0,0.0,Mt. Oro,0.0,0.0,18.93822256199692,0.0,26.3,26.3,18.93822256199692,0.0,26.3,18.93822256199692,0.0
Nangka,2023,12,16,0,15.93,Sto Nino,2023,12,16,0,11.73,11.73,Montalban,2023,12,16,0,21.56,2023-12-16 00:00:00,Nangka,0.0,0.0,Mt. Oro,0.0,0.0,18.93822256199692,0.0,25.8,25.8,18.93822256199692,0.0,25.8,18.93822256199692,0.0
Nangka,2023,12,16,1,15.93,Sto Nino,2023,12,16,1,11.71,11.71,Montalban,2023,12,16,1,21.56,2023-12-16 01:00:00,Nangka,0.0,0.0,Mt. Oro,0.0,0.0,19.053546771273044,0.0,25.7,25.7,19.053546771273044,0.0,25.7,19.053546771273044,0.0
Nangka,2023,12,16,2,15.93,Sto Nino,2023,12,16,2,11.71,11.71,Montalban,2023,12,16,2,21.56,2023-12-16 02:00:00,Nangka,0.0,0.0,Mt. Oro,0.0,0.0,18.823518862254097,0.0,25.7,25.7,18.823518862254097,0.0,25.7,18.823518862254097,0.0
Nangka,2023,12,16,3,15.93,Sto Nino,2023,12,16,3,11.69,11.69,Montalban,2023,12,16,3,21.56,2023-12-16 03:00:00,Nangka,0.0,0.0,Mt. Oro,0.0,0.0,18.72831737394497,0.0,25.6,25.6,18.72831737394497,0.0,25.6,18.72831737394497,0.0
Nangka,2023,12,16,4,15.93,Sto Nino,2023,12,16,4,11.70,11.70,Montalban,2023,12,16,4,21.56,2023-12-16 04:00:00,Nangka,0.0,0.0,Mt. Oro,0.0,0.0,18.72831737394497,0.0,25.6,25.6,18.72831737394497,0.0,25.6,18.72831737394497,0.0
Nangka,2023,12,16,5,15.93,Sto Nino,2023,12,16,5,11.68,11.68,Montalban,2023,12,16,5,21.56,2023-12-16 05:00:00,Nangka,0.0,0.0,Mt. Oro,0.0,0.0,18.50175511268274,0.0,25.6,25.6,18.50175511268274,0.0,25.6,18.50175511268274,0.0
Nangka,2023,12,16,6,15.93,Sto Nino,2023,12,16,6,11.66,11.66,Montalban,2023,12,16,6,21.56,2023-12-16 06:00:00,Nangka,0.0,0.0,Mt. Oro,0.0,0.0,18.823518862254097,0.0,26.2,26.2,18.823518862254097,0.0,26.2,18.823518862254097,0.0
Nangka,2023,12,16,7,15.93,Sto Nino,2023,12,16,7,11.63,11.63,Montalban,2023,12,16,7,21.56,2023-12-16 07:00:00,Nangka,0.0,0.0,Mt. Oro,0.0,0.0,18.57723021617604,0.0,26.6,26.6,18.57723021617604,0.0,26.6,18.57723021617604,0.0
Nangka,2023,12,16,8,15.93,Sto Nino,2023,12,16,8,11.61,11.61,Montalban,2023,12,16,8,21.56,2023-12-16 08:00:00,Nangka,0.0,0.0,Mt. Oro,0.0,0.0,18.690586131715897,0.0,27.3,27.3,18.690586131715897,0.0,27.3,18.690586131715897,0.0
Nangka,2023,12,16,9,15.93,Sto Nino,2023,12,16,9,11.60,11.60,Montalban,2023,12,16,9,21.56,2023-12-16 09:00:00,Nangka,0.0,0.0,Mt. Oro,0.0,0.0,18.55853689386707,0.0,28.1,28.1,18.55853689386707,0.0,28.1,18.55853689386707,0.0
Nangka,2023,12,16,10,15.93,Sto Nino,2023,12,16,10,11.59,11.59,Montalban,2023,12,16,10,21.56,2023-12-16 10:00:00,Nangka,0.0,0.0,Mt. Oro,0.0,0.0,18.57723021617604,0.0,28.8,28.8,18.57723021617604,0.0,28.8,18.57723021617604,0.0
Nangka,2023,12,16,11,15.93,Sto Nino,2023,12,16,11,11.59,11.59,Montalban,2023,12,16,11,21.56,2023-12-16 11:00:00,Nangka,0.0,0.0,Mt. Oro,0.0,0.0,18.690586131715897,0.0,29.6,29.6,18.690586131715897,0.0,29.6,18.690586131715897,0.0
Nangka,2023,12,16,12,15.93,Sto Nino,2023,12,16,12,11.61,11.61,Montalban,2023,12,16,12,21.56,2023-12-16 12:00:00,Nangka,0.0,0.0,Mt. Oro,0.0,0.0,19.053546771273044,0.0,29.9,29.9,19.053546771273044,0.0,29.9,19.053546771273044,0.0
Nangka,2023,12,16,13,15.93,Sto Nino,2023,12,16,13,11.60,11.60,Montalban,2023,12,16,13,21.56,2023-12-16 13:00:00,Nangka,0.0,0.0,Mt. Oro,0.0,0.0,18.957340769695374,0.0,30.3,30.3,18.957340769695374,0.0,30.3,18.957340769695374,0.0
Nangka,2023,12,16,14,15.93,Sto Nino,2023,12,16,14,11.62,11.62,Montalban,2023,12,16,14,21.56,2023-12-16 14:00:00,Nangka,0.0,0.0,Mt. Oro,0.0,0.0,19.188848814572296,0.0,30.8,30.8,19.188848814572296,0.0,30.8,19.188848814572296,0.0
Nangka,2023,12,16,15,15.93,Sto Nino,2023,12,16,15,11.63,11.63,Montalban,2023,12,16,15,21.56,2023-12-16 15:00:00,Nangka,0.0,0.0,Mt. Oro,0.0,0.0,18.976497616206615,0.0,30.3,30.3,18.976497616206615,0.0,30.3,18.976497616206615,0.0
Nangka,2023,12,16,16,15.93,Sto Nino,2023,12,16,16,11.66,11.66,Montalban,2023,12,16,16,21.56,2023-12-16 16:00:00,Nangka,0.0,0.0,Mt. Oro,0.0,0.0,18.957340769695374,0.0,29.8,29.8,18.957340769695374,0.0,29.8,18.957340769695374,0.0
Nangka,2023,12,16,17,15.93,Sto Nino,2023,12,16,17,11.66,11.66,Montalban,2023,12,16,17,21.56,2023-12-16 17:00:00,Nangka,0.0,0.0,Mt. Oro,0.0,0.0,18.72831737394497,0.0,29.3,29.3,18.72831737394497,0.0,29.3,18.72831737394497,0.0
Nangka,2023,12,16,18,15.93,Sto Nino,2023,12,16,18,11.66,11.66,Montalban,2023,12,16,18,21.56,2023-12-16 18:00:00,Nangka,0.0,0.0,Mt. Oro,0.0,0.0,18.72831737394497,0.0,29.1,29.1,18.72831737394497,0.0,29.1,18.72831737394497,0.0
Nangka,2023,12,16,19,15.93,Sto Nino,2023,12,16,19,11.66,11.66,Montalban,2023,12,16,19,21.56,2023-12-16 19:00:00,Nangka,0.0,0.0,Mt. Oro,0.0,0.0,18.14816346627618,0.0,28.4,28.4,18.14816346627618,0.0,28.4,18.14816346627618,0.0
Nangka,2023,12,16,20,15.93,Sto Nino,2023,12,16,20,11.66,11.66,Montalban,2023,12,16,20,21.56,2023-12-16 20:00:00,Nangka,0.0,0.0,Mt. Oro,0.0,0.0,17.80068744927372,0.0,27.6,27.6,17.80068744927372,0.0,27.6,17.80068744927372,0.0
Nangka,2023,12,16,21,15.93,Sto Nino,2023,12,16,21,11.68,11.68,Montalban,2023,12,16,21,21.56,2023-12-16 21:00:00,Nangka,0.0,0.0,Mt. Oro,0.0,0.0,17.692139622232276,0.0,27.3,27.3,17.692139622232276,0.0,27.3,17.692139622232276,0.0
Nangka,2023,12,16,22,15.93,Sto Nino,2023,12,16,22,11.70,11.70,Montalban,2023,12,16,22,21.56,2023-12-16 22:00:00,Nangka,0.0,0.0,Mt. Oro,0.0,0.0,18.001432915249755,0.0,26.9,26.9,18.001432915249755,0.0,26.9,18.001432915249755,0.0
Nangka,2023,12,16,23,15.93,Sto Nino,2023,12,16,23,11.74,11.74,Montalban,2023,12,16,23,21.56,2023-12-16 23:00:00,Nangka,0.0,0.0,Mt. Oro,0.0,0.0,18.352348727818782,1.0,26.6,26.6,18.352348727818782,1.0,26.6,18.352348727818782,1.0
Nangka,2023,12,17,0,15.93,Sto Nino,2023,12,17,0,11.75,11.75,Montalban,2023,12,17,0,21.56,2023-12-17 00:00:00,Nangka,0.0,0.0,Mt. Oro,0.0,0.0,18.46448538213696,0.0,26.3,26.3,18.46448538213696,0.0,26.3,18.46448538213696,0.0
Nangka,2023,12,17,1,15.93,Sto Nino,2023,12,17,1,11.74,11.74,Montalban,2023,12,17,1,21.56,2023-12-17 01:00:00,Nangka,0.0,0.0,Mt. Oro,0.0,0.0,18.24081736376197,0.0,26.1,26.1,18.24081736376197,0.0,26.1,18.24081736376197,0.0
Nangka,2023,12,17,2,15.93,Sto Nino,2023,12,17,2,11.72,11.72,Montalban,2023,12,17,2,21.56,2023-12-17 02:00:00,Nangka,0.0,0.0,Mt. Oro,0.0,0.0,18.259205461888453,0.0,25.9,25.9,18.259205461888453,0.0,25.9,18.259205461888453,0.0
Nangka,2023,12,17,3,15.93,Sto Nino,2023,12,17,3,11.70,11.70,Montalban,2023,12,17,3,21.56,2023-12-17 03:00:00,Nangka,0.0,0.0,Mt. Oro,0.0,0.0,18.259205461888453,0.0,25.7,25.7,18.259205461888453,0.0,25.7,18.259205461888453,0.0
Nangka,2023,12,17,4,15.93,Sto Nino,2023,12,17,4,11.69,11.69,Montalban,2023,12,17,4,21.56,2023-12-17 04:00:00,Nangka,0.0,0.0,Mt. Oro,0.0,0.0,18.14816346627618,0.0,25.6,25.6,18.14816346627618,0.0,25.6,18.14816346627618,0.0
Nangka,2023,12,17,5,15.93,Sto Nino,2023,12,17,5,11.67,11.67,Montalban,2023,12,17,5,21.56,2023-12-17 05:00:00,Nangka,0.0,0.0,Mt. Oro,0.0,0.0,18.019559009884464,0.0,25.5,25.5,18.019559009884464,0.0,25.5,18.019559009884464,0.0
Nangka,2023,12,17,6,15.93,Sto Nino,2023,12,17,6,11.65,11.65,Montalban,2023,12,17,6,21.56,2023-12-17 06:00:00,Nangka,0.0,0.0,Mt. Oro,0.0,0.0,17.909826302281676,0.0,26.4,26.4,17.909826302281676,0.0,26.4,17.909826302281676,0.0
Nangka,2023,12,17,7,15.93,Sto Nino,2023,12,17,7,11.63,11.63,Montalban,2023,12,17,7,21.56,2023-12-17 07:00:00,Nangka,0.0,0.0,Mt. Oro,0.0,0.0,17.909826302281676,0.0,27.0,27.0,17.909826302281676,0.0,27.0,17.909826302281676,0.0
Nangka,2023,12,17,8,15.93,Sto Nino,2023,12,17,8,11.61,11.61,Montalban,2023,12,17,8,21.56,2023-12-17 08:00:00,Nangka,0.0,0.0,Mt. Oro,0.0,0.0,17.674346382679957,0.0,27.7,27.7,17.674346382679957,0.0,27.7,17.674346382679957,0.0
Nangka,2023,12,17,9,15.93,Sto Nino,2023,12,17,9,11.60,11.60,Montalban,2023,12,17,9,21.56,2023-12-17 09:00:00,Nangka,0.0,0.0,Mt. Oro,0.0,0.0,17.674346382679957,0.0,28.6,28.6,17.674346382679957,0.0,28.6,17.674346382679957,0.0
Nangka,2023,12,17,10,15.93,Sto Nino,2023,12,17,10,11.59,11.59,Montalban,2023,12,17,10,21.56,2023-12-17 10:00:00,Nangka,0.0,0.0,Mt. Oro,0.0,0.0,17.035963338190196,0.0,29.8,29.8,17.035963338190196,0.0,29.8,17.035963338190196,0.0
Nangka,2023,12,17,11,15.93,Sto Nino,2023,12,17,11,11.59,11.59,Montalban,2023,12,17,11,21.56,2023-12-17 11:00:00,Nangka,0.0,0.0,Mt. Oro,0.0,0.0,16.621830966107485,0.0,31.1,31.1,16.621830966107485,0.0,31.1,16.621830966107485,0.0
Nangka,2023,12,17,12,15.93,Sto Nino,2023,12,17,12,11.58,11.58,Montalban,2023,12,17,12,21.56,2023-12-17 12:00:00,Nangka,0.0,0.0,Mt. Oro,0.0,0.0,15.934570037066171,0.0,31.2,31.2,15.934570037066171,0.0,31.2,15.934570037066171,0.0
Nangka,2023,12,17,13,15.93,Sto Nino,2023,12,17,13,11.59,11.59,Montalban,2023,12,17,13,21.56,2023-12-17 13:00:00,Nangka,0.0,0.0,Mt. Oro,0.0,0.0,15.367782690259345,0.0,31.2,31.2,15.367782690259345,0.0,31.2,15.367782690259345,0.0
Nangka,2023,12,17,14,15.93,Sto Nino,2023,12,17,14,11.59,11.59,Montalban,2023,12,17,14,21.56,2023-12-17 14:00:00,Nangka,0.0,0.0,Mt. Oro,0.0,0.0,14.989808547133332,0.0,31.4,31.4,14.989808547133332,0.0,31.4,14.989808547133332,0.0
Nangka,2023,12,17,15,15.93,Sto Nino,2023,12,17,15,11.58,11.58,Montalban,2023,12,17,15,21.56,2023-12-17 15:00:00,Nangka,0.0,0.0,Mt. Oro,0.0,0.0,14.803933925869213,0.0,30.9,30.9,14.803933925869213,0.0,30.9,14.803933925869213,0.0
Nangka,2023,12,17,16,15.93,Sto Nino,2023,12,17,16,11.60,11.60,Montalban,2023,12,17,16,21.56,2023-12-17 16:00:00,Nangka,0.0,0.0,Mt. Oro,0.0,0.0,14.25852065462121,0.0,30.3,30.3,14.25852065462121,0.0,30.3,14.25852065462121,0.0
Nangka,2023,12,17,17,15.93,Sto Nino,2023,12,17,17,11.60,11.60,Montalban,2023,12,17,17,21.56,2023-12-17 17:00:00,Nangka,0.0,0.0,Mt. Oro,0.0,0.0,14.528956313077215,0.0,29.9,29.9,14.528956313077215,0.0,29.9,14.528956313077215,0.0
Nangka,2023,12,17,18,15.93,Sto Nino,2023,12,17,18,11.60,11.60,Montalban,2023,12,17,18,21.56,2023-12-17 18:00:00,Nangka,0.0,0.0,Mt. Oro,0.0,0.0,14.15513900423286,0.0,29.2,29.2,14.15513900423286,0.0,29.2,14.15513900423286,0.0
Nangka,2023,12,17,19,15.93,Sto Nino,2023,12,17,19,11.61,11.61,Montalban,2023,12,17,19,21.56,2023-12-17 19:00:00,Nangka,0.0,0.0,Mt. Oro,0.0,0.0,14.6054164450181,0.0,28.5,28.5,14.6054164450181,0.0,28.5,14.6054164450181,0.0
Nangka,2023,12,17,20,15.93,Sto Nino,2023,12,17,20,11.62,11.62,Montalban,2023,12,17,20,21.56,2023-12-17 20:00:00,Nangka,0.0,0.0,Mt. Oro,0.0,0.0,15.162494813245305,0.0,27.8,27.8,15.162494813245305,0.0,27.8,15.162494813245305,0.0
Nangka,2023,12,17,21,15.93,Sto Nino,2023,12,17,21,11.63,11.63,Montalban,2023,12,17,21,21.56,2023-12-17 21:00:00,Nangka,0.0,0.0,Mt. Oro,0.0,0.0,15.544278321057394,0.0,27.4,27.4,15.544278321057394,0.0,27.4,15.544278321057394,0.0
Nangka,2023,12,17,22,15.93,Sto Nino,2023,12,17,22,11.64,11.64,Montalban,2023,12,17,22,21.56,2023-12-17 22:00:00,Nangka,0.0,0.0,Mt. Oro,0.0,0.0,15.73835035091664,0.25,27.2,27.2,15.73835035091664,0.25,27.2,15.73835035091664,0.25
Nangka,2023,12,17,23,15.93,Sto Nino,2023,12,17,23,11.67,11.67,Montalban,2023,12,17,23,21.56,2023-12-17 23:00:00,Nangka,0.0,0.0,Mt. Oro,0.0,0.0,15.934570037066171,1.0,27.1,27.1,15.934570037066171,1.0,27.1,15.934570037066171,1.0
Nangka,2023,12,18,0,15.93,Sto Nino,2023,12,18,0,11.72,11.72,Montalban,2023,12,18,0,21.56,2023-12-18 00:00:00,Nangka,0.0,0.0,Mt. Oro,0.0,0.0,16.033491752134907,0.0,26.7,26.7,16.033491752134907,0.0,26.7,16.033491752134907,0.0
Nangka,2023,12,18,1,15.93,Sto Nino,2023,12,18,1,11.71,11.71,Montalban,2023,12,18,1,21.56,2023-12-18 01:00:00,Nangka,0.0,0.0,Mt. Oro,0.0,0.0,16.53632417761742,0.0,26.4,26.4,16.53632417761742,0.0,26.4,16.53632417761742,0.0
Nangka,2023,12,18,2,15.93,Sto Nino,2023,12,18,2,11.69,11.69,Montalban,2023,12,18,2,21.56,2023-12-18 02:00:00,Nangka,0.0,0.0,Mt. Oro,1.0,1.0,17.387515278646227,0.0,26.1,26.1,17.387515278646227,0.0,26.1,17.387515278646227,0.0
Nangka,2023,12,18,3,15.93,Sto Nino,2023,12,18,3,11.66,11.66,Montalban,2023,12,18,3,21.56,2023-12-18 03:00:00,Nangka,0.0,0.0,Mt. Oro,1.0,1.0,17.601899159077025,0.0,26.1,26.1,17.601899159077025,0.0,26.1,17.601899159077025,0.0
Nangka,2023,12,18,4,15.93,Sto Nino,2023,12,18,4,11.67,11.67,Montalban,2023,12,18,4,21.56,2023-12-18 04:00:00,Nangka,0.0,0.0,Mt. Oro,0.0,0.0,17.387515278646227,0.0,26.1,26.1,17.387515278646227,0.0,26.1,17.387515278646227,0.0
Nangka,2023,12,18,5,15.93,Sto Nino,2023,12,18,5,11.65,11.65,Montalban,2023,12,18,5,21.56,2023-12-18 05:00:00,Nangka,0.0,0.0,Mt. Oro,1.0,1.0,17.175453150740243,0.25,25.9,25.9,17.175453150740243,0.25,25.9,17.175453150740243,0.25
Nangka,2023,12,18,6,15.93,Sto Nino,2023,12,18,6,11.63,11.63,Montalban,2023,12,18,6,21.56,2023-12-18 06:00:00,Nangka,0.0,0.0,Mt. Oro,0.0,0.0,17.584180004543022,1.0,26.7,26.7,17.584180004543022,1.0,26.7,17.584180004543022,1.0
Nangka,2023,12,18,7,15.93,Sto Nino,2023,12,18,7,11.61,11.61,Montalban,2023,12,18,7,21.56,2023-12-18 07:00:00,Nangka,0.0,0.0,Mt. Oro,0.0,0.0,17.692139622232276,0.0,27.1,27.1,17.692139622232276,0.0,27.1,17.692139622232276,0.0
Nangka,2023,12,18,8,15.93,Sto Nino,2023,12,18,8,11.60,11.60,Montalban,2023,12,18,8,21.56,2023-12-18 08:00:00,Nangka,0.0,0.0,Mt. Oro,0.0,0.0,17.674346382679957,0.0,27.5,27.5,17.674346382679957,0.0,27.5,17.674346382679957,0.0
Nangka,2023,12,18,9,15.93,Sto Nino,2023,12,18,9,11.61,11.61,Montalban,2023,12,18,9,21.56,2023-12-18 09:00:00,Nangka,0.0,0.0,Mt. Oro,0.0,0.0,17.891811776528446,0.0,28.2,28.2,17.891811776528446,0.0,28.2,17.891811776528446,0.0
Nangka,2023,12,18,10,15.93,Sto Nino,2023,12,18,10,11.61,11.61,Montalban,2023,12,18,10,21.56,2023-12-18 10:00:00,Nangka,0.0,0.0,Mt. Oro,0.0,0.0,18.24081736376197,0.0,28.5,28.5,18.24081736376197,0.0,28.5,18.24081736376197,0.0
Nangka,2023,12,18,11,15.93,Sto Nino,2023,12,18,11,11.62,11.62,Montalban,2023,12,18,11,21.56,2023-12-18 11:00:00,Nangka,0.0,0.0,Mt. Oro,0.0,0.0,18.57723021617604,0.0,28.8,28.8,18.57723021617604,0.0,28.8,18.57723021617604,0.0
Nangka,2023,12,18,12,15.93,Sto Nino,2023,12,18,12,11.61,11.61,Montalban,2023,12,18,12,21.56,2023-12-18 12:00:00,Nangka,0.0,0.0,Mt. Oro,0.0,0.0,19.053546771273044,0.0,29.0,29.0,19.053546771273044,0.0,29.0,19.053546771273044,0.0
Nangka,2023,12,18,13,15.93,Sto Nino,2023,12,18,13,11.61,11.61,Montalban,2023,12,18,13,21.56,2023-12-18 13:00:00,Nangka,0.0,0.0,Mt. Oro,0.0,0.0,18.957340769695374,0.0,29.3,29.3,18.957340769695374,0.0,29.3,18.957340769695374,0.0
Nangka,2023,12,18,14,15.93,Sto Nino,2023,12,18,14,11.60,11.60,Montalban,2023,12,18,14,21.56,2023-12-18 14:00:00,Nangka,0.0,0.0,Mt. Oro,0.0,0.0,18.842519965034864,0.0,29.7,29.7,18.842519965034864,0.0,29.7,18.842519965034864,0.0
Nangka,2023,12,18,15,15.93,Sto Nino,2023,12,18,15,11.62,11.62,Montalban,2023,12,18,15,21.56,2023-12-18 15:00:00,Nangka,0.0,0.0,Mt. Oro,0.0,0.0,18.747240179665475,0.0,29.4,29.4,18.747240179665475,0.0,29.4,18.747240179665475,0.0
Nangka,2023,12,18,16,15.93,Sto Nino,2023,12,18,16,11.64,11.64,Montalban,2023,12,18,16,21.56,2023-12-18 16:00:00,Nangka,1.0,1.0,Mt. Oro,0.0,0.0,18.407966183511277,0.0,29.0,29.0,18.407966183511277,0.0,29.0,18.407966183511277,0.0
Nangka,2023,12,18,17,15.93,Sto Nino,2023,12,18,17,11.75,11.75,Montalban,2023,12,18,17,21.56,2023-12-18 17:00:00,Nangka,0.0,0.0,Mt. Oro,0.0,0.0,17.945964401868444,0.0,28.9,28.9,17.945964401868444,0.0,28.9,17.945964401868444,0.0
Nangka,2023,12,18,18,15.93,Sto Nino,2023,12,18,18,11.82,11.82,Montalban,2023,12,18,18,21.56,2023-12-18 18:00:00,Nangka,0.0,0.0,Mt. Oro,0.0,0.0,18.14816346627618,0.0,28.8,28.8,18.14816346627618,0.0,28.8,18.14816346627618,0.0
Nangka,2023,12,18,19,15.93,Sto Nino,2023,12,18,19,11.84,11.84,Montalban,2023,12,18,19,21.56,2023-12-18 19:00:00,Nangka,0.0,0.0,Mt. Oro,0.0,0.0,18.352348727818782,0.0,28.1,28.1,18.352348727818782,0.0,28.1,18.352348727818782,0.0
