Datetime,MAE,P_Waterlevel,P_Waterlevel.1,P_Waterlevel.2,P_Waterlevel.3,T_Waterlevel,T_Waterlevel.1,T_Waterlevel.2,T_Waterlevel.3
2023-01-26,0.987644329151419,15.810669085247394,11.917107719583948,12.001088902098026,21.09156881864099,15.803161559093763,12.046666666666669,12.046666666666669,20.80016666666667
2023-01-27,1.0171096739891219,15.810887504269628,11.919660386815716,12.005688975582231,21.09488606738119,15.803243280260231,13.851166666666666,13.851166666666666,20.8
2023-01-28,0.9713945723817691,15.811033879391632,11.922785517829979,12.012587302373358,21.098759929512713,15.803325001426696,13.851166666666668,13.851166666666668,20.8
2023-01-29,0.9109401157062649,15.811552489668749,11.92642438683212,12.019584242027259,21.103537495955372,15.803406950864577,13.851166666666668,13.851166666666668,20.8
2023-01-30,0.8505524106207332,15.813130724648241,11.927158294461044,12.021891894138081,21.10445596905388,15.803489128573876,13.851166666666668,13.851166666666668,20.8
2023-01-31,0.7901422492848513,15.816117379908446,11.92544225720137,12.020525255270675,21.102098180998507,15.803571306283171,13.851166666666668,13.851166666666668,20.8
2023-02-01,0.7288419722588342,15.818433717543046,11.918979169112879,12.013112727440555,21.093269060840854,15.803653483992468,13.851166666666668,13.851166666666668,20.8
2023-02-02,0.6676660134649933,15.820126683685832,11.914104506270663,12.007162806893994,21.086522748656392,15.803735661701761,13.851166666666666,13.851166666666666,20.8
2023-02-03,0.6075474337497139,15.821295582458696,11.9130210385269,12.006618925730447,21.084755109711363,15.80381783941106,13.851166666666666,13.851166666666666,20.8
2023-02-04,0.5491135152230956,15.822974596922922,11.912680767574608,12.007688609136544,21.084328487663814,15.803900017120355,13.8345,13.8345,20.8
2023-02-05,0.4914599179227395,15.82310495028786,11.918865782780047,12.017951134589,21.092899984989852,15.803982194829652,13.8345,13.8345,20.8
2023-02-06,0.4340342857631888,15.821989171077583,11.924037667002228,12.025709690894605,21.099929507947962,15.80406437253895,13.834499999999998,13.834499999999998,20.8
2023-02-07,0.37684698669049105,15.821109824809655,11.928945211293804,12.033023107924192,21.10657107255914,15.804146550248245,13.834333333333335,13.834333333333335,20.8
2023-02-08,0.3186509584234872,15.820816140379389,11.930237392715945,12.03546047511946,21.10840849358297,15.804228727957543,13.834166666666667,13.834166666666667,20.8
2023-02-09,0.2606000965407275,15.821582192033173,11.929219332765316,12.034780110385094,21.10715889914106,15.804310905666837,13.833499999999997,13.833499999999997,20.8
2023-02-10,0.20232801367857492,15.823890354749292,11.928731207040302,12.03438380776632,21.106536264897553,15.804393083376135,13.832833333333332,13.832833333333332,20.8
2023-02-11,0.1440093646598508,15.826379890948147,11.924350329547309,12.029507993816866,21.100797411927946,15.80447526108543,13.832166666666666,13.832166666666666,20.8
2023-02-12,0.13290249396175355,15.830021389146193,11.918321464948953,12.0219425117095,21.0930203000397,15.804557210523313,12.026999999999997,12.026999999999997,20.8
2023-02-13,0.13639854773895368,15.830741205468534,11.91782614096952,12.022886160240526,21.091781512405486,15.804638931689782,12.026499999999999,12.026499999999999,20.8
2023-02-14,0.13970994982451473,15.82832945327156,11.92153787510664,12.028814650496717,21.09662437623191,15.804720652856247,12.025833333333335,12.025833333333335,20.8
2023-02-15,0.1435042569214021,15.82623692897907,11.957940406479349,12.077077824907457,21.14361589257022,15.804802374022712,12.025166666666667,12.025166666666667,20.8
2023-02-16,0.1474547143540273,15.816464966725773,12.00992099703866,12.146686358881066,21.20987598779969,15.80488409518918,12.0245,12.0245,20.8
2023-02-17,0.1475997959558894,15.814338709570894,12.04368328392697,12.19450884843379,21.252611777078553,15.804965816355645,12.023833333333332,12.023833333333332,20.8
2023-02-18,0.14777069426179296,15.815807323770372,12.07248552131446,12.235391081422284,21.286973268518903,15.805047537522114,12.023166666666667,12.023166666666667,20.8
2023-02-19,0.1460790079461833,15.819142227105875,12.065502154456839,12.227404842572026,21.27822700390041,15.805129258688583,12.0225,12.0225,20.8
2023-02-20,0.14454912223471583,15.822864960301782,12.05846017123796,12.221968813920922,21.26960691289403,15.805210979855048,12.021833333333332,12.021833333333332,20.8
2023-02-21,0.14246041441513516,15.826131231947954,12.049096716416255,12.213162000685978,21.257858378883643,15.805292701021516,12.021166666666666,12.021166666666666,20.8
2023-02-22,0.14078435468848677,15.829059021527591,12.04222443356069,12.207258166593292,21.24909253942602,15.805374422187983,12.020666666666667,12.020666666666667,20.8
2023-02-23,0.1393304027732776,15.831773031699356,12.037970709354497,12.20417519027081,21.243828417867643,15.80545614335445,12.020166666666666,12.020166666666666,20.8
2023-02-24,0.13775186894061334,15.834406046525036,12.035140590399156,12.202602692650412,21.24041355522015,15.805537864520916,12.020166666666666,12.020166666666666,20.8
2023-02-25,0.13625493460873433,15.836723416306656,12.032992350995233,12.201318349800019,21.237903771017542,15.805619585687383,12.020166666666666,12.020166666666666,20.8
2023-02-26,0.1350215837798463,15.83729952238034,12.030598473361227,12.199801757941131,21.235028060056834,15.80570130685385,12.020166666666666,12.020166666666666,20.8
2023-02-27,0.13303726943152874,15.836557870059355,12.044434005144916,12.219524222929124,21.251293264418525,15.80578325629173,12.020166666666666,12.020166666666666,20.8
2023-02-28,0.1320877154416858,15.838050036613765,12.049186456327186,12.226090610805532,21.25692097200598,15.805865434001026,12.02,12.02,20.8
2023-03-01,0.12949896441066985,15.840349008565006,12.025759426625852,12.196001740103288,21.22888468507763,15.805947611710325,12.02,12.02,20.8
2023-03-02,0.12775277306868257,15.846937231710477,12.011909662290027,12.178569151260866,21.21213720132062,15.806029789419622,12.02,12.02,20.8
2023-03-03,0.12672906048293758,15.85062170105349,11.982902440983407,12.139242332414549,21.178117514610516,15.806111967128917,12.02,12.02,20.8
2023-03-04,0.12510000426312223,15.851731709416287,11.962647393158516,12.110833820530523,21.153703491490866,15.806194144838212,12.02,12.02,20.8
2023-03-05,0.12445215982495919,15.852605284855901,11.952665953609404,12.096114617875905,21.142002585502468,15.80627632254751,12.02,12.02,20.8
2023-03-06,0.12367414517619807,15.85243715983277,11.947877216196797,12.088772678911601,21.136125395496773,15.806358500256806,12.02,12.02,20.8
2023-03-07,0.12250727272751669,15.85236324837652,11.943709592628776,12.082402152751742,21.13075465045298,15.806440677966101,12.02,12.02,20.8
2023-03-08,0.12200942731825212,15.851498406291494,11.941661060961843,12.078642546329291,21.12810187331617,15.8065228556754,12.02,12.02,20.8
2023-03-09,0.12154616614245223,15.850381917450992,11.93952625556701,12.074511664627742,21.125373610082228,15.806605033384695,12.019666666666666,12.019666666666666,20.8
2023-03-10,0.12191119218205572,15.849455817225842,11.936707473755316,12.069430093241246,21.121750476734736,15.80668721109399,12.019,12.019,20.8
2023-03-11,0.12229895724509485,15.848422045863094,11.935558847745359,12.066503422372344,21.119678453622935,15.806769388803287,12.018333333333333,12.018333333333333,20.8
2023-03-12,0.12312926285735705,15.846812901526533,11.9381865496052,12.069810346733561,21.122584425327425,15.806851566512584,12.017666666666667,12.017666666666667,20.8
2023-03-13,0.12354184736262577,15.845036431765257,11.946137909176075,12.080385238787414,21.13135467538838,15.80693374422188,12.017,12.017,20.8
2023-03-14,0.12349550306221385,15.84208332784163,11.947667964809552,12.082381810375395,21.13309411644493,15.807015921931177,12.016333333333332,12.016333333333332,20.8
2023-03-15,0.12265277735046017,15.842930885809164,11.93884041066909,12.069019919971526,21.122949515744256,15.807097871369058,12.015666666666668,12.015666666666668,20.8
2023-03-16,0.12194382088594512,15.843045165480694,11.934300600618041,12.062079360889978,21.117135214507524,15.807179592535526,12.014999999999999,12.014999999999999,20.8
2023-03-17,0.12087045274724724,15.843291922395904,11.930563732088508,12.05609010500384,21.112165338130616,15.807261313701991,12.014333333333331,12.014333333333331,20.8
2023-03-18,0.11929855378145979,15.843125783158206,11.925766095516128,12.048164523691895,21.10540443055672,15.80734303486846,12.013666666666667,12.013666666666667,20.8
2023-03-19,0.11826099127537276,15.841641559634898,11.924691945640019,12.045945278270727,21.10381038816778,15.807424756034926,12.013,12.013,20.8
2023-03-20,0.11717240828672632,15.839661946616985,11.924772945471155,12.04348176705637,21.103398219171243,15.807506477201393,12.012333333333334,12.012333333333334,20.8
2023-03-21,0.11641657163169718,15.837063985894233,11.928521357009584,12.045956998071778,21.10809852547909,15.80758819836786,12.011666666666667,12.011666666666667,20.799666666666667
2023-03-22,0.11632824637612513,15.832971290091038,11.929450528586608,12.046223719750035,21.109223732588216,15.807669919534328,12.011,12.011,20.799
2023-03-23,0.11636103781432666,15.828503526134002,11.956981791636668,12.080073222779475,21.141888488598948,15.807751640700793,12.010333333333334,12.010333333333334,20.798333333333336
2023-03-24,0.11618005697477951,15.816950603340471,11.966556362032431,12.090939505431265,21.15367831633179,15.80783336186726,12.01,12.01,20.797666666666665
2023-03-25,0.11585972755614238,15.813823795465574,11.971398138082787,12.095911805407207,21.159934518735607,15.807915083033727,12.01,12.01,20.797000000000004
2023-03-26,0.11517944224883601,15.817280597845734,11.966654991812256,12.089475671693652,21.154335288095343,15.807996804200194,12.01,12.01,20.796333333333333
2023-03-27,0.11465099769438146,15.81811776735881,11.951228858724193,12.068153066787653,21.13587195892655,15.808078525366662,12.01,12.01,20.795666666666666
2023-03-28,0.11416594528209553,15.818437263388752,11.954273686085305,12.070660933167154,21.139326773985843,15.808160246533129,12.01,12.01,20.795
2023-03-29,0.1138649653582376,15.819349975086244,11.934507959019907,12.042920836728646,21.11510217820474,15.808241967699594,12.01,12.01,20.79433333333333
2023-03-30,0.11402175057626117,15.817972003945632,11.933154967396053,12.037925152313464,21.113631401139607,15.808323917137477,12.01,12.01,20.793666666666663
2023-03-31,0.11487231335258406,15.815114994487114,11.934803505728345,12.037003443112694,21.115871469318325,15.808406094846772,12.01,12.01,20.793000000000003
2023-04-01,0.1155984335193048,15.812310965028365,11.937672528104336,12.037570255688262,21.11976567324963,15.80848827255607,12.01,12.01,20.792333333333332
2023-04-02,0.11626887915073293,15.809974239169861,11.93795601898282,12.037403547421325,21.120166243269107,15.808570450265366,12.01,12.01,20.791666666666668
2023-04-03,0.11684794392810502,15.809515965744788,11.935735687332791,12.032842624843713,21.11766936657895,15.808652627974661,12.01,12.01,20.790999999999997
2023-04-04,0.1173180509995663,15.809507946547773,11.933431293758067,12.02871574879792,21.114788706122766,15.80873480568396,12.01,12.01,20.79033333333333
2023-04-05,0.11796469561134142,15.809076626996532,11.932913432828842,12.027080920179296,21.114274325773252,15.808816983393255,12.01,12.01,20.79
2023-04-06,0.11839744982664627,15.808932040406907,11.93164269643718,12.024204670057273,21.112966716397843,15.80889916110255,12.01,12.01,20.79
2023-04-07,0.11879102667162307,15.81562516558986,11.926795270783442,12.017274627515443,21.107284347405198,15.808981338811849,12.01,12.01,20.79
2023-04-08,0.12035736883390183,15.816688436951928,11.916684407879421,12.003782468156269,21.095410580023323,15.809063516521146,12.01,12.01,20.79
2023-04-09,0.12643951422185593,15.816652325842595,11.915377780994126,12.001532048902487,21.093842741104762,15.809145694230441,12.01,12.01,20.79
2023-04-10,0.13295510723791687,15.816489940731383,11.916369578111855,12.0011450783185,21.095593218862778,15.809227871939736,12.01,12.01,20.79
2023-04-11,0.14001885566522734,15.81816200028735,11.91484165927957,11.999085314868099,21.09379428654722,15.809310049649033,12.01,12.01,20.79
2023-04-12,0.14723282441080793,15.820279348236454,11.910148273256294,11.992460325994491,21.08806087254365,15.80939222735833,12.01,12.01,20.79
2023-04-13,0.15376734024431618,15.820168582890513,11.907275785707633,11.987291632620924,21.084732264366625,15.809474405067625,12.01,12.01,20.79
2023-04-14,0.15976194058510304,15.818830900843972,11.909507396243331,11.984327516936435,21.087982643902677,15.809556354505508,12.01,12.01,20.79
2023-04-15,0.16585358534564923,15.816275160115872,11.909978770098366,11.983391078181107,21.088638227874398,15.809638075671975,12.01,12.01,20.79
2023-04-16,0.17205191137660344,15.8162071000127,11.909413597700429,11.979751289172794,21.087983000538408,15.80971979683844,12.01,12.01,20.79
2023-04-17,0.17805159591574837,15.8167272500657,11.907492117173097,11.974521449182324,21.085393154133985,15.809801518004909,12.01,12.01,20.79
2023-04-18,0.1841494587594933,15.81673949654778,11.905768898486945,11.969401929532141,21.082889882144823,15.809883239171375,12.01,12.01,20.79
2023-04-19,0.18984014366445123,15.817160497767226,11.905229601486958,11.964683074195516,21.081885182226237,15.809964960337842,12.01,12.01,20.79
2023-04-20,0.1951887161636469,15.816323136316452,11.906517225443613,11.960249339643454,21.082301201251877,15.810046681504309,12.01,12.01,20.79
2023-04-21,0.2009291536865342,15.813573801841288,11.916337454772966,11.963383886692839,21.0941848083391,15.810128402670777,12.01,12.01,20.79
2023-04-22,0.2072348963953872,15.807386767054771,11.928062085334144,11.96935825468501,21.108207546878177,15.810210123837242,12.01,12.01,20.79
2023-04-23,0.21115545324236307,15.800084181761022,11.946911658686751,11.983029767872083,21.131393481919872,15.810291845003709,12.01,12.01,20.79
2023-04-24,0.209533014538191,15.797680829648431,11.948578285897703,11.981229424701226,21.13205612081294,15.810373566170176,12.01,12.01,20.42240740740741
2023-04-25,0.20299020409420418,15.801486113067801,11.947847841297701,11.977150711103588,21.13067128130922,15.810455287336644,12.01,12.01,20.42240740740741
2023-04-26,0.19663980413911067,15.801960427657155,11.951169169018147,11.970898634547195,21.131763749716754,15.81053700850311,12.088500000000002,12.088500000000002,20.496574074074076
2023-04-27,0.18841783952866079,15.802290215159243,11.960662519133418,11.974276496303828,21.142153931619372,15.810618729669578,12.101333333333333,12.101333333333333,20.563740740740737
2023-04-28,0.1799579101787387,15.802445634962028,11.966976568265432,11.97668541305207,21.148812934564813,15.810700450836045,12.099333333333332,12.099333333333332,20.57071296296296
2023-04-29,0.17197856437584905,15.810502750728412,11.961204616683764,11.970298856605389,21.14098902676698,15.810782400273926,12.095333333333334,12.095333333333334,20.575878128128128
2023-04-30,0.16358484374304905,15.813682739740342,11.952887376570844,11.957592909470712,21.12810455957811,15.810864577983223,12.091333333333333,12.091333333333333,20.580755005005006
2023-05-01,0.15529372146603795,15.81434087026659,11.959686440394002,11.960730413200286,21.13553422596519,15.81094675569252,12.087333333333332,12.087333333333332,20.585343593593596
2023-05-02,0.14679844972140516,15.816248252447654,11.966445793969239,11.963210039366604,21.14198236900252,15.811028933401815,12.083333333333334,12.083333333333334,20.589643893893893
2023-05-03,0.13893579119471017,15.817332431717825,11.972455023250042,11.965796412296758,21.147657885925334,15.811111111111112,12.079333333333333,12.079333333333333,20.593685935935937
2023-05-04,0.1317366559136425,15.820227204791333,11.978259033560068,11.967023758119232,21.1519473271319,15.811193288820409,12.075333333333333,12.075333333333333,20.597685935935935
2023-05-05,0.1256398031846455,15.830084884745789,11.973414052313311,11.961758958904063,21.145049354292514,15.811275466529704,12.071308333333333,12.071308333333333,20.601685935935937
2023-05-06,0.12041515912449796,15.844744277066395,11.964402842677908,11.9492713437542,21.129633495420737,15.811357644239,12.066958333333334,12.066958333333334,20.605685935935934
2023-05-07,0.11587780126868462,15.857519427779303,11.957249730270007,11.93657307416207,21.113310013102755,15.811439821948296,12.062308333333332,12.062308333333332,20.609685935935936
2023-05-08,0.11200167969774476,15.86973308070237,11.955471237498754,11.932382063687358,21.108003403836978,15.811521999657595,12.057641666666665,12.057641666666665,20.939611861861863
2023-05-09,0.11321906548658052,15.876929341429195,11.95966469727236,11.931768452146029,21.106222282583776,15.81160417736689,12.052975,12.052975,20.98527852852853
2023-05-10,0.11757524053198204,15.884129191224064,11.968509078584217,11.936258385281654,21.111315410288526,15.811686355076185,12.048308333333333,12.048308333333333,20.98927852852853
2023-05-11,0.122896154696457,15.88752733319522,11.98903197219224,11.949767027444747,21.128421681304204,15.811768532785484,12.018944696969697,12.018944696969697,20.95911186186186
2023-05-12,0.12643622653753245,15.889281850400012,11.996018149303634,11.954097703814481,21.132672077963942,15.81185071049478,11.976111363636363,11.976111363636363,20.890611861861863
2023-05-13,0.12837083113763031,15.892394445359542,12.000768130461077,11.957175563507805,21.135629002546622,15.811932888204074,11.975444696969697,11.975444696969697,20.854695195195195
2023-05-14,0.1286789670131774,15.892285153972658,12.00182941869807,11.957881690735148,21.13645900396271,15.812015065913373,11.984111363636364,11.984111363636364,20.852987987987987
2023-05-15,0.12921421678643433,15.891918119687368,12.005972640248038,11.961004046036017,21.141120087582074,15.812097015351254,11.99277803030303,11.99277803030303,20.851894894894894
2023-05-16,0.12906205650922256,15.885233382215443,12.010486771429248,11.964943393858269,21.14772644300964,15.81217873651772,12.001444696969696,12.001444696969696,20.851090090090093
2023-05-17,0.12881329231928249,15.876183357011554,12.014477173575113,11.969424407454971,21.155615811709264,15.812260457684188,12.010111363636362,12.010111363636362,20.850573573573573
2023-05-18,0.12814298394387255,15.864307295268734,12.020980616357349,11.97680009000244,21.167107808795873,15.812342178850653,12.01877803030303,12.01877803030303,20.85034534534535
2023-05-19,0.1272464869930626,15.851643680779894,12.027132082179888,11.984357402012504,21.178374427171175,15.812423900017121,12.027444696969697,12.027444696969697,20.850333333333335
2023-05-20,0.1261909031645342,15.8420952517265,12.030496693850443,11.98955277015395,21.185988509076953,15.812505621183588,12.036361363636363,12.036361363636363,20.850333333333335
2023-05-21,0.12512581866148667,15.83674665643129,12.035188482463848,11.994119854749906,21.192034522249283,15.812587342350055,12.045636363636364,12.045636363636364,20.850333333333335
2023-05-22,0.12323184325555202,15.839308319745397,12.042766089894599,11.998287812356992,21.196459868990132,15.812669063516521,12.054969696969698,12.054969696969698,20.850333333333335
2023-05-23,0.12205896179861231,15.848292295824622,12.05630198676376,12.00570781573764,21.203661827048197,15.812750784682986,12.06430303030303,12.06430303030303,20.850333333333335
2023-05-24,0.12627185673975277,15.864264563615842,12.07373855619111,12.015650784340997,21.211606886945944,15.812832505849455,12.073636363636362,12.073636363636362,20.852
2023-05-25,0.13434602756843503,15.88193264911485,12.091640564096249,12.027769349923945,21.22096079497239,15.812914227015922,12.08,12.08,20.852666666666668
2023-05-26,0.14891016358714543,15.91010112107783,12.100012338361713,12.033929050672592,21.224866553088628,15.812995948182389,12.08,12.08,20.853
2023-05-27,0.17374612457089095,15.938389379905104,12.12937087941493,12.059054655775881,21.241443260441883,15.813077669348855,12.08,12.08,20.853666666666665
2023-05-28,0.21146995620922432,15.979006726141192,12.175400901524059,12.102637561644755,21.28049356887539,15.813159390515324,12.08,12.08,20.854333333333333
2023-05-29,0.2579171186361002,16.029301764904574,12.234714870258465,12.163594190998337,21.33586194894692,15.813241111681789,12.08,12.08,20.855
2023-05-30,0.30247749857792977,16.07284552973553,12.291176837344354,12.22384069767715,21.391085640607074,15.81332306111967,12.08,12.08,20.855666666666668
2023-05-31,0.3458146762662602,16.111722130126942,12.34727833246774,12.285068054282046,21.447622545140295,15.813405238828969,12.08,12.08,20.856333333333332
2023-06-01,0.385904373850157,16.144310247601666,12.401967533224422,12.345398573872773,21.503653254973194,15.813487416538264,12.08,12.08,20.857000000000003
2023-06-02,0.4236616987744342,16.170192715656118,12.451193922023991,12.399817643482217,21.554179259781048,15.81356959424756,12.08,12.08,20.903000000000002
2023-06-03,0.4585531221089177,16.189510105569532,12.495357627985772,12.448146291357842,21.599383310136364,15.813651771956858,12.08,12.08,20.935
2023-06-04,0.4886255462805059,16.204556240396148,12.5361566880615,12.492837630182084,21.64085038206079,15.813733949666155,12.08,12.08,20.945333333333334
2023-06-05,0.5094853670223467,16.21459635919534,12.569259436107224,12.52889007772272,21.674179536763866,15.81381612737545,12.08,12.08,21.016000000000002
2023-06-06,0.514058137031405,16.219825736165607,12.592452242550465,12.55385244066441,21.697248764469006,15.813898305084745,12.08,12.08,21.036666666666665
2023-06-07,0.515071250037139,16.221901670083884,12.602373609346948,12.564590203772408,21.70705128484574,15.813980482794044,12.08,12.08,21.040666666666667
2023-06-08,0.5122108314256294,16.222320673820956,12.608439215764058,12.570888699946568,21.712910103985255,15.814062660503339,12.08,12.08,21.043333333333337
2023-06-09,0.5065372781539337,16.222337418311803,12.612346574927784,12.57452053577348,21.71657511127388,15.814144838212634,12.08,12.08,21.046333333333333
2023-06-10,0.4976342623120793,16.22116322448925,12.613791132811889,12.575611755806214,21.71779567626621,15.814227015921933,12.08,12.08,21.049666666666667
2023-06-11,0.4886006086638318,16.21992927973496,12.613970161505664,12.57567140903439,21.717897994568258,15.814309193631228,12.08,12.08,21.053
2023-06-12,0.484444029482652,16.220917060047732,12.625014680261671,12.586940941327827,21.728983472957125,15.814391371340523,12.08,12.08,21.055833333333336
2023-06-13,0.47911970090796874,16.22187953106384,12.643985920700732,12.606095719247003,21.747791559640135,15.81447354904982,12.08,12.08,21.0585
2023-06-14,0.4742668541115857,16.222084303396173,12.648653737517451,12.61099532483957,21.752332378258338,15.814555498487701,12.092000000000002,12.092000000000002,21.061166666666665
2023-06-15,0.46909245912882697,16.222595806413175,12.658127421895045,12.620820177515625,21.76163094527127,15.81463721965417,12.104833333333334,12.104833333333334,21.0915
2023-06-16,0.4633811983635568,16.222461148659537,12.668946203476875,12.631406238624033,21.77238994697323,15.814718940820635,12.104833333333335,12.104833333333335,21.102333333333334
2023-06-17,0.45882636096979623,16.221700666630596,12.672857155528824,12.634944324375029,21.776260550577113,15.814800661987103,12.104833333333335,12.104833333333335,21.08983333333333
2023-06-18,0.45122891336828974,16.219615633840977,12.673092225384115,12.634344532959503,21.776382346827113,15.814882383153568,12.105166666666666,12.105166666666666,21.05216666666667
2023-06-19,0.4435388977292947,16.216768739091933,12.670200640750831,12.63062671290952,21.773386696901547,15.814964104320037,12.105166666666667,12.105166666666667,21.040999999999997
2023-06-20,0.43477302599289186,16.213386769619955,12.659725926557885,12.618964137179782,21.762875648170166,15.815045825486504,12.105166666666667,12.105166666666667,22.139333333333333
2023-06-21,0.42921218465616917,16.20903814232614,12.638069494268537,12.5959570510533,21.74107738013209,15.815127546652972,12.105166666666667,12.105166666666667,22.123333333333335
2023-06-22,0.4290625444455112,16.203684414181456,12.620854427612903,12.577063231377377,21.723674845972276,15.815209267819437,12.105166666666667,12.105166666666667,22.124000000000002
2023-06-23,0.42802260033692563,16.196726237537465,12.608125541692823,12.561960089562222,21.71065461872288,15.815290988985906,12.105166666666667,12.105166666666667,22.124666666666666
2023-06-24,0.4240937600384952,16.187821969268526,12.58882420011117,12.539824698852499,21.690862486126306,15.81537271015237,12.105166666666667,12.105166666666667,22.125333333333334
2023-06-25,0.4187735611659411,16.177167990209618,12.570014189052658,12.517786005115271,21.671513050148473,15.81545443131884,12.105166666666667,12.105166666666667,22.125999999999998
2023-06-26,0.40715135308443384,16.164443140989892,12.54418328584896,12.488252222671727,21.644932805642316,15.815536152485304,12.105166666666667,12.105166666666667,22.12666666666667
2023-06-27,0.38422094697973525,16.14402170499313,12.503497060159463,12.441940806513891,21.603304903603743,15.815617873651773,12.105166666666667,12.105166666666667,22.127833333333335
2023-06-28,0.36030936530090896,16.125613835850192,12.455766189716522,12.390311083399988,21.554968666248154,15.815699594818238,12.105166666666667,12.105166666666667,22.129166666666666
2023-06-29,0.33219324687537577,16.108424089303096,12.420772735900254,12.352095079973939,21.51950694172364,15.81578154425612,12.093166666666667,12.093166666666667,22.1305
2023-06-30,0.30405180836243545,16.092396533981777,12.394236209005305,12.322518838499859,21.492714321035603,15.815863721965417,12.093166666666667,12.093166666666667,22.12483333333334
2023-07-01,0.27300846761275266,16.06709516491034,12.382857865454797,12.304960804067793,21.481366004210923,15.815945899674714,12.080333333333334,12.080333333333334,22.097333333333335
2023-07-02,0.23882629751474674,16.04893833342969,12.35445540658686,12.274510962413594,21.4533891175475,15.81602807738401,12.080333333333334,12.080333333333334,22.097333333333335
2023-07-03,0.2070785479397907,16.030961762817494,12.32420506456617,12.242703854680421,21.423949460713793,15.816110255093308,12.080333333333334,12.080333333333334,22.093833333333336
2023-07-04,0.1773496205117083,16.001374350468073,12.29859239358911,12.213351193274237,21.400376996044265,15.816192432802604,12.083499999999999,12.083499999999999,22.0875
2023-07-05,0.154888772224453,15.97144570709952,12.263793280022448,12.17707660124836,21.368657241075393,15.816274610511899,12.083499999999999,12.083499999999999,22.087500000000002
2023-07-06,0.1375622523129551,15.927772179946341,12.233499219464335,12.14467324626327,21.346112492168828,15.816356788221194,12.112333333333334,12.112333333333334,20.933666666666667
2023-07-07,0.1304697594601097,15.898351504356171,12.203889242908529,12.11743250713176,21.324474807606006,15.816438965930493,12.112333333333334,12.112333333333334,20.94183333333334
2023-07-08,0.12560837045325007,15.868840875115486,12.186123730280169,12.103666834467212,21.31955406468915,15.816521143639788,12.118833333333333,12.118833333333333,20.94433333333334
2023-07-09,0.12429660378978215,15.845850884897027,12.18258564312935,12.107881804239586,21.33445826905208,15.816603321349085,12.118833333333335,12.118833333333335,20.944666666666667
2023-07-10,0.12282023288637817,15.830381242798733,12.180954204486795,12.112296725315918,21.3434114505012,15.816685499058382,12.182500000000001,12.182500000000001,21.018666666666668
2023-07-11,0.1216818574729268,15.821580525047878,12.189793940703982,12.12349108248733,21.35844218857801,15.816767676767677,12.254037037037035,12.254037037037035,21.09777777777778
2023-07-12,0.12043759987868542,15.815057568088779,12.198658049884106,12.136238132985973,21.375157729265517,15.816849854476974,12.266037037037036,12.266037037037036,21.14311111111111
2023-07-13,0.11805392556524343,15.813275852589612,12.208438428037791,12.143897471377116,21.383568205374694,15.81693203218627,12.287537037037035,12.287537037037035,21.19911111111111
2023-07-14,0.11467067242529003,15.819801552098903,12.217846894095333,12.148315512355495,21.386878095678455,15.817014209895568,12.29887037037037,12.29887037037037,21.246444444444442
2023-07-15,0.11276387457892699,15.837576389006397,12.223176176547572,12.152093666808756,21.390628151997497,15.817096159333449,12.30487037037037,12.30487037037037,21.26411111111111
2023-07-16,0.11267934834046921,15.85490942698734,12.199594266159231,12.12038874448733,21.34334078878946,15.817177880499914,12.31087037037037,12.31087037037037,21.268611111111113
2023-07-17,0.1160155850591949,15.880718664005864,12.220743019970461,12.135028241230737,21.349954427616993,15.817259601666382,12.31687037037037,12.31687037037037,21.270944444444446
2023-07-18,0.12382197367130425,15.923421166936556,12.241794997580548,12.153447308248513,21.361332683703953,15.817341322832847,12.32287037037037,12.32287037037037,21.272944444444445
2023-07-19,0.13990096684467498,15.965830686462848,12.282871112316892,12.194132351697158,21.389210777142665,15.817423043999316,12.327037037037037,12.327037037037037,21.280444444444445
2023-07-20,0.16430839107744333,16.02700351554778,12.327371849074453,12.245570487284404,21.42729916937654,15.817504765165781,12.354037037037038,12.354037037037038,21.30194444444444
2023-07-21,0.18175306380883985,16.05226025272787,12.366293527600325,12.286780536637838,21.46497914679663,15.81758648633225,12.351870370370369,12.351870370370369,21.31311111111111
2023-07-22,0.20377986819356833,16.07827758372402,12.394095400788538,12.318887084501945,21.492330319795617,15.817668207498716,12.341537037037037,12.341537037037037,21.315611111111114
2023-07-23,0.22634139982693063,16.104295498758113,12.437128486350629,12.366524444496578,21.53563567342264,15.817749928665183,12.343203703703704,12.343203703703704,21.321611111111114
2023-07-24,0.24587038195763267,16.124314268645627,12.464590964521765,12.39841472331895,21.563596656285334,15.81783164983165,12.345703703703704,12.345703703703704,21.323944444444447
2023-07-25,0.2675797396992684,16.147222859756862,12.523749403033744,12.462895883816522,21.62360558584209,15.817913370998117,12.381037037037036,12.381037037037036,21.28677777777778
2023-07-26,0.28184877733557473,16.16278144384475,12.563691080243766,12.507189656258223,21.66427378603763,15.817995092164585,12.338833333333332,12.338833333333332,21.2325
2023-07-27,0.2876736373761562,16.17422882760822,12.595540246449913,12.542543366306111,21.696764210297058,15.81807681333105,12.286333333333333,12.286333333333333,21.1795
2023-07-28,0.2907843936184125,16.179752373561612,12.626715964636794,12.57539458801647,21.72853595648422,15.818158534497517,12.2835,12.2835,21.172666666666665
2023-07-29,0.2853686683606613,16.177991124452067,12.633559330259398,12.58097310427811,21.735515458413662,15.818240255663985,12.280333333333333,12.280333333333333,21.160666666666664
2023-07-30,0.27833573342821283,16.17401370410843,12.635311848122203,12.581227302250264,21.737365334295923,15.818322205101866,12.278,12.278,21.1615
2023-07-31,0.2712068831902708,16.163840360324393,12.636021424254103,12.578646564566704,21.7380046190036,15.818404382811163,12.280666666666667,12.280666666666667,21.1755
2023-08-01,0.26575443657933856,16.159591095744247,12.63505407671335,12.577093051754256,21.736986874441087,15.818486560520459,12.280499999999998,12.280499999999998,21.20357246376812
2023-08-02,0.25841849900773706,16.155602341685235,12.636081347158898,12.575262830040925,21.738165886254343,15.818568738229756,12.306833333333334,12.306833333333334,21.247739130434784
2023-08-03,0.25104795793497126,16.148018950499704,12.650364549371567,12.5898034375281,21.752985026896326,15.818650915939052,12.429666666666668,12.429666666666668,21.272239130434784
2023-08-04,0.25592219172851455,16.148897259894508,12.676801522784478,12.617328191214034,21.78040980746497,15.81873309364835,12.423833333333334,12.423833333333334,21.275239130434784
2023-08-05,0.26315956201548824,16.15711667702188,12.691490253241152,12.635070503524897,21.795226878591997,15.818815271357645,12.405666666666667,12.405666666666667,21.27340579710145
2023-08-06,0.2691116615245132,16.154937762848498,12.68071063329415,12.623400137235686,21.783942587843377,15.818897449066942,12.550166666666666,12.550166666666666,21.27523913043478
2023-08-07,0.2775028843763519,16.155741948884277,12.686418275330652,12.629149378770013,21.789914353106198,15.818979626776239,12.550166666666668,12.550166666666668,21.27440579710145
2023-08-08,0.28296842186807525,16.146034400282858,12.661711575311426,12.601288510858874,21.76445140910563,15.819061804485534,12.550166666666666,12.550166666666666,21.272905797101448
2023-08-09,0.2861947994509843,16.137164103316717,12.641355151690977,12.577213793369438,21.74382131551019,15.819143982194829,12.486166666666668,12.486166666666668,21.27290579710145
2023-08-10,0.2854128895970065,16.12650945241738,12.626623217121075,12.559981951108897,21.72890850964828,15.819226159904126,12.486166666666668,12.486166666666668,21.27207246376811
2023-08-11,0.28222284604673287,16.113345712870196,12.603217115098916,12.532708802899602,21.705370804549815,15.819308337613423,12.484000000000002,12.484000000000002,21.257072463768115
2023-08-12,0.2742112912242989,16.095239636404717,12.58148144564861,12.50612774573419,21.68403002989873,15.81939051532272,12.4775,12.4775,21.217572463768118
2023-08-13,0.26779050784769504,16.078854063998275,12.55856592594949,12.479405364723624,21.66142926893496,15.819469497232209,12.467833333333335,12.467833333333335,21.17757246376812
2023-08-14,0.25970865998363457,16.0679420979313,12.54663466138649,12.464103198296016,21.650547354307115,15.819321720025108,12.465333333333332,12.465333333333332,21.143405797101448
2023-08-15,0.2522719859067188,16.061177120376,12.545665886584581,12.462430241758803,21.649864197598014,15.818727187125491,12.464,12.464,21.127905797101448
2023-08-16,0.24909297678627626,16.057473228547273,12.543570946428114,12.459340744702796,21.648332937681882,15.821142983507391,12.4605,12.4605,21.112413043478263
2023-08-17,0.24366441767630836,16.05255071043369,12.543611000192634,12.45777695315331,21.648713378629925,15.820897306397306,12.460500000000001,12.460500000000001,21.079666666666665
2023-08-18,0.23685605531520046,16.046887428881167,12.526087942600347,12.43890824933699,21.630957284044868,15.824615562403697,12.433,12.433,21.0385
2023-08-19,0.23286569773384067,16.04424691268491,12.509182898418066,12.421516546250189,21.613443188307542,15.842661673229468,12.312000000000001,12.312000000000001,21.015
2023-08-20,0.21764830617319422,16.03100328948684,12.482330663761815,12.392544332744746,21.587017105513695,15.87470230554129,12.334499999999998,12.334499999999998,20.998333333333335
2023-08-21,0.20406267016343574,16.013806249212685,12.465845170162343,12.373324804573672,21.572258795014,15.892737459339154,12.3355,12.3355,20.994500000000002
2023-08-22,0.18606359889031346,15.994129519135594,12.439406781385903,12.344584571912504,21.547802005187332,15.910767134623066,12.188500000000001,12.188500000000001,20.9915
2023-08-23,0.16592907247685,15.96901825214534,12.41634394498932,12.319299585383895,21.52890826957847,15.92362466472636,12.191833333333333,12.191833333333333,20.989666666666665
2023-08-24,0.15074708882258095,15.935166257715018,12.39073756731894,12.292144749465507,21.510858294894796,15.924310049649034,12.193833333333334,12.193833333333334,20.989333333333335
2023-08-25,0.1570036381857962,15.915369658427077,12.364105591252262,12.26667060493444,21.48921473668304,15.924989956057752,12.195833333333333,12.195833333333333,20.989333333333335
2023-08-26,0.17007290262027167,15.904291290664242,12.350642978251564,12.254336718266277,21.479585874829855,15.92566438395252,12.197833333333332,12.197833333333332,20.989333333333335
2023-08-27,0.18341371325915717,15.895926817899252,12.340066792790171,12.244874251990181,21.471531592343073,15.926333333333332,12.199833333333334,12.199833333333334,20.989333333333335
2023-08-28,0.1965075065193633,15.898772039524648,12.329881856886276,12.234858316188038,21.458444886430566,15.927,12.201833333333333,12.201833333333333,20.989833333333333
2023-08-29,0.20947199278519352,15.916707462896074,12.323920293437638,12.22875512564562,21.450101725535337,15.928166666666666,12.203833333333334,12.203833333333334,20.989833333333333
2023-08-30,0.2243824071149196,15.917944390045275,12.30911786502283,12.21504759600844,21.42970304885536,15.928833333333333,12.205833333333334,12.205833333333334,20.98966666666667
2023-08-31,0.240657596987779,15.925522732990698,12.295296428960526,12.202191662747701,21.412534565679707,15.934333333333335,12.217,12.217,20.98916666666667
2023-09-01,0.2580625723858163,15.930566839162976,12.274406324705335,12.182879512305437,21.390497961835777,15.935666666666668,12.219,12.219,21.005333333333336
2023-09-02,0.2785944113646959,15.928820784175727,12.261611971566827,12.171496893679,21.375193307639137,15.933166666666667,12.221,12.221,21.00316666666667
2023-09-03,0.2973395673377844,15.942750006281015,12.24698450317537,12.158940255423342,21.357775400766037,15.940666666666667,12.266333333333332,12.266333333333332,21.002833333333335
2023-09-04,0.31459864403468096,15.95367541680637,12.233671737426489,12.146438781847575,21.345007519562785,15.949,12.322000000000001,12.322000000000001,21.058
2023-09-05,0.3288403626484114,15.959553900263089,12.232113979283396,12.147377286804012,21.3387811991886,15.946,12.344666666666665,12.344666666666665,21.097
2023-09-06,0.3395069683359509,15.982325322350414,12.23981756558828,12.157222259799282,21.34321647863483,15.935,12.356333333333332,12.356333333333332,21.121625
2023-09-07,0.3527756286052449,15.999914038433015,12.249334342244099,12.168526367904244,21.351038832412243,15.925833333333335,12.366333333333333,12.366333333333333,21.132625
2023-09-08,0.3745030994758096,16.008643449408662,12.25543053214856,12.175533163438136,21.356408127201487,15.919333333333332,12.771666666666667,12.771666666666667,21.138069444444447
2023-09-09,0.3758914624464055,16.01735169809892,12.258612831964133,12.179922501818245,21.359076978028778,15.920666666666667,12.784833333333333,12.784833333333333,21.14206944444444
2023-09-10,0.382173444654387,16.015238756202816,12.256506741677478,12.17769967804161,21.3570007207896,15.940666666666665,12.826333333333334,12.826333333333334,21.18323611111111
2023-09-11,0.38889698568763537,16.019440859304694,12.26457998755001,12.186111509220508,21.364746528119465,15.958,12.847666666666665,12.847666666666665,21.232569444444447
2023-09-12,0.39699246147308265,16.023207539663215,12.272670137959322,12.194596552548086,21.372579539800093,15.986833333333333,12.896833333333332,12.896833333333332,21.272402777777778
2023-09-13,0.4131845062983088,16.02191757548317,12.271780709923373,12.193603652292083,21.37177197105507,15.992,12.923499999999999,12.923499999999999,21.313236111111113
2023-09-14,0.42689437099411764,16.018713224122862,12.270575561762072,12.192313177554647,21.370810454194853,16.00733333333333,12.961,12.961,21.35473611111111
2023-09-15,0.4334519875697113,16.03018210823839,12.280259831011877,12.203433932514727,21.379902193595107,16.017333333333333,12.978833333333334,12.978833333333334,21.39234722222222
2023-09-16,0.43786904137513927,16.046176138853305,12.295752373554066,12.220947616303961,21.39482412673403,16.034000000000002,12.9885,12.9885,21.407180555555556
2023-09-17,0.43878118716949116,16.070810135540544,12.32307849533007,12.251588818861409,21.421718958292754,16.050833333333333,12.9885,12.9885,21.422791666666665
2023-09-18,0.4474593227785099,16.090320934093317,12.348428657599566,12.279764257687793,21.447160038984627,16.05483333333333,12.978333333333332,12.978333333333332,21.450458333333334
2023-09-19,0.4596217922835594,16.10348099593632,12.376299545733874,12.309183897636018,21.475048607699357,16.046333333333333,12.943833333333334,12.943833333333334,21.444625
2023-09-20,0.47060782429179976,16.12048159228094,12.40619791184836,12.3420442898293,21.50534496922504,16.03183333333333,12.898,12.898,21.393291666666666
2023-09-21,0.48684591131344335,16.13446627951025,12.43526830692576,12.373908424628949,21.534601955517928,16.0625,12.942666666666668,12.942666666666668,21.400333333333332
2023-09-22,0.5029533056125978,16.145216276195747,12.456941199033363,12.397884817880234,21.55659796326245,16.16166666666667,13.094333333333333,13.094333333333333,21.553333333333335
2023-09-23,0.511274186891776,16.15626608994141,12.475055969023288,12.418630116997203,21.575241132153106,16.261666666666667,13.194833333333332,13.194833333333332,21.70888888888889
2023-09-24,0.5248247900726997,16.16268610753727,12.489638875936963,12.434696196676683,21.590084088957703,16.2795,12.903833333333333,12.903833333333333,21.77138888888889
2023-09-25,0.5324540170190905,16.169357103186755,12.508062153867968,12.454686012308509,21.60887055472606,16.307666666666666,12.958166666666667,12.958166666666667,21.821388888888887
2023-09-26,0.5352848001222533,16.174619331718695,12.517473236445875,12.465379287058067,21.61875050034806,16.320666666666668,13.034666666666668,13.034666666666668,21.855222222222224
2023-09-27,0.5328616835662331,16.17868565824066,12.530187184096274,12.478955594744964,21.631817559813836,16.309166666666666,13.029,13.029,21.86638888888889
2023-09-28,0.5288939261755663,16.185668080261955,12.546998518394027,12.49756252174124,21.649122850676406,16.3215,13.051666666666666,13.051666666666666,21.877388888888888
2023-09-29,0.5179932956168825,16.19052091129124,12.562812680767738,12.514773069698427,21.665178216452027,16.338666666666665,13.063833333333331,13.063833333333331,21.888055555555557
2023-09-30,0.511046416192631,16.194523708764255,12.57945960823941,12.532590785735533,21.68202541364192,16.337666666666667,13.061499999999999,13.061499999999999,21.896944444444447
2023-10-01,0.506049847931012,16.19621652828571,12.58829909072054,12.54186862799362,21.690984416457447,16.374,13.157666666666666,13.157666666666666,21.973694444444448
2023-10-02,0.49718993113849297,16.19692271747989,12.595784799131737,12.549704431297206,21.69834993888348,16.3895,13.252999999999998,13.252999999999998,22.065583333333336
2023-10-03,0.48289568166216096,16.198345051920743,12.605339590628422,12.559915567015365,21.707749005966384,16.3895,13.285666666666666,13.285666666666666,22.089083333333335
2023-10-04,0.46427840844038026,16.19814222111183,12.615688993533244,12.570338978138972,21.717861898777908,16.392833333333332,13.313666666666666,13.313666666666666,22.12541666666667
2023-10-05,0.4458961061162943,16.196355474637073,12.6091096636518,12.562933209607754,21.711081245857844,16.3995,13.349833333333333,13.349833333333333,22.14091666666667
2023-10-06,0.42695480465350816,16.192717972417118,12.607623076616559,12.56036994850774,21.70942221959375,16.4475,13.417833333333332,13.417833333333332,22.22775
2023-10-07,0.399229596918148,16.188785336974583,12.614126704951163,12.565323756093514,21.715769049452113,16.437666666666665,13.421333333333333,13.421333333333333,22.23125
2023-10-08,0.3732714051296187,16.187322281941345,12.631838577315767,12.582812612328054,21.733489303733517,16.420666666666666,13.402,13.402,22.203083333333332
2023-10-09,0.35229104634084474,16.18583851278984,12.641878944992031,12.592578098761358,21.743473861316485,16.347666666666665,13.342833333333333,13.342833333333333,22.139666666666667
2023-10-10,0.37258644001606317,16.184067281473684,12.656452069911072,12.607262699757376,21.758166467161235,16.334,13.327333333333334,13.327333333333334,22.12070833333333
2023-10-11,0.4045320324886293,16.180846298828705,12.676964749722199,12.626732699290649,21.77878339795141,16.320833333333333,13.298166666666667,13.298166666666667,22.095875
2023-10-12,0.4436000946111219,16.179258387749048,12.718853867567534,12.66934254465388,21.82178095399339,16.302,13.252666666666668,13.252666666666668,22.065875000000002
2023-10-13,0.48567892893849335,16.179132122041423,12.752335281673416,12.703363991373642,21.85673572544268,16.303,13.273500000000002,13.273500000000002,22.076208333333334
2023-10-14,0.5308233154039123,16.17620574716096,12.779756447564607,12.730904988861244,21.885734442137775,16.300166666666666,13.293833333333334,13.293833333333334,22.085874999999998
2023-10-15,0.5807115894185805,16.170466523401778,12.7965520652176,12.747638612039099,21.90375684330302,16.278,13.315666666666665,13.315666666666665,22.085875
2023-10-16,0.6355962410816761,16.15681430631996,12.836896831859974,12.786358074785557,21.94862704064113,16.252333333333333,13.294666666666666,13.294666666666666,22.061541666666667
2023-10-17,0.7014829021693186,16.149472719212174,12.861332500868194,12.809117004597855,21.977699418693796,16.219,13.261166666666668,13.261166666666668,22.008375
2023-10-18,0.7739915980895018,16.131793133636087,12.859919052796622,12.80598865444542,21.977630476413307,16.191333333333333,13.217666666666666,13.217666666666666,21.965041666666668
2023-10-19,0.8462890109424597,16.104489888101057,12.845364974512737,12.785048902196033,21.967612532693057,16.177333333333333,13.214166666666667,13.214166666666667,21.953041666666664
2023-10-20,0.92626231469788,16.063070026140856,12.82356783946715,12.752713547489787,21.96096505569025,16.160333333333334,13.211500000000001,13.211500000000001,21.931375000000003
2023-10-21,1.0032775133614713,16.038239395451463,12.835733287370836,12.765652408535644,21.986571684420127,16.1175,13.164166666666665,13.164166666666665,21.879375
2023-10-22,1.0808983482345496,16.00898183894452,12.836308738362908,12.766043781844854,21.989855107432952,16.062,13.0925,13.0925,21.797875
2023-10-23,1.1430573742172074,15.977192673994518,12.817488778618404,12.747748826574302,21.987608663975795,16.2635,13.238166666666666,13.238166666666666,21.96073611111111
2023-10-24,1.1639351389694577,15.9489864345339,12.78551177776314,12.717846758203303,21.971278059610654,16.678333333333335,13.686333333333334,13.686333333333334,22.480194444444447
2023-10-25,1.1583028717914294,15.933706757758307,12.780459030328716,12.713406216265126,21.968730679297792,16.708000000000002,13.779,13.779,22.89586111111111
2023-10-26,1.124753157571896,15.90247735918222,12.719611151929527,12.654763987195729,21.921339330059485,16.710333333333335,13.838,13.838,22.948194444444443
2023-10-27,1.0835470363303232,15.878652296608317,12.675137346920733,12.612497955278638,21.88497448498607,16.710333333333335,13.892666666666665,13.892666666666665,22.98352777777778
2023-10-28,1.0360466414054512,15.857999071672946,12.657728552073266,12.610690328533298,21.890095710701452,16.709333333333333,13.907666666666666,13.907666666666666,22.990527777777782
2023-10-29,0.9908871934740113,15.851060799445877,12.646398868575663,12.60513060172853,21.885697313753667,16.717833333333335,13.931333333333333,13.931333333333333,22.983527777777777
2023-10-30,0.9450413192444658,15.834949294668215,12.60684755663072,12.577818736625282,21.85877209148847,16.729333333333333,13.963166666666666,13.963166666666666,22.988694444444445
2023-10-31,0.8977893954482785,15.823975228489198,12.579782411670966,12.565136820129569,21.844009919109226,16.740333333333332,13.987333333333334,13.987333333333334,22.991194444444442
2023-11-01,0.8524052833959103,15.814655407655952,12.542289608481102,12.540169245611308,21.81525775609404,16.752166666666668,14.021999999999998,14.021999999999998,22.99523611111111
2023-11-02,0.8082784578585934,15.807207913158104,12.513892119161284,12.528173764695188,21.79570392465093,16.765666666666664,14.0605,14.0605,23.013569444444446
2023-11-03,0.759446258384844,15.801428576331336,12.490294371044946,12.520942245948433,21.778245417172027,16.7795,14.096666666666666,14.096666666666666,23.03473611111111
2023-11-04,0.7046925740028137,15.797975181570093,12.472183805229779,12.514363700320292,21.763056076927334,16.788999999999998,14.131166666666667,14.131166666666667,23.052902777777778
2023-11-05,0.6420619026800002,15.794889077211437,12.447009694568685,12.499491401093753,21.739259525301993,16.796666666666667,14.160333333333334,14.160333333333334,23.07473611111111
2023-11-06,0.5730524537802947,15.792562806490137,12.427360654239994,12.483775471227341,21.719159783808855,16.799500000000002,14.188666666666668,14.188666666666668,23.099569444444445
2023-11-07,0.5029442450620456,15.791217963478188,12.459966690374014,12.53804220885304,21.754511313064054,16.68,14.084833333333332,14.084833333333332,22.973569444444443
2023-11-08,0.4494373917204662,15.79085912881793,12.465642207005692,12.545758798047604,21.75960132775293,16.458833333333335,13.873999999999999,13.873999999999999,22.664958333333335
2023-11-09,0.4199842845417526,15.787750519383845,12.437903941305535,12.522531172666895,21.730238989889845,16.067333333333334,13.461666666666666,13.461666666666666,22.13895833333333
2023-11-10,0.4108974145167342,15.78559581876582,12.419589506373722,12.510153439668382,21.71029311859291,16.025166666666667,13.387666666666666,13.387666666666666,21.842791666666667
2023-11-11,0.399328958043659,15.783577778493955,12.422963656018648,12.521459324580519,21.709026050262896,16.009,13.356666666666667,13.356666666666667,21.808125
2023-11-12,0.38589815565681607,15.782509358623765,12.427866635009394,12.527892647015074,21.713290513231776,15.994992850759607,13.335333333333331,13.335333333333331,21.79345833333333
2023-11-13,0.3662882986174964,15.781890269016879,12.425438262247038,12.529385745669071,21.710529085211572,15.980857015192136,13.308,13.308,21.781291666666664
2023-11-14,0.3467142180098928,15.780707116837265,12.426981506544239,12.531461926276641,21.71089807307051,15.966549597855229,13.2748,13.2748,21.77645833333333
2023-11-15,0.32717842305859396,15.78029484896047,12.434242679913332,12.540642505196272,21.718609890163236,15.952077747989277,13.228619089574154,13.228619089574154,21.774791666666665
2023-11-16,0.308954390809318,15.78004438855866,12.442699178485118,12.548047071087446,21.726810960861467,15.937441465594281,13.1835375917768,13.1835375917768,21.774125
2023-11-17,0.29220261175680756,15.77977970439144,12.461172404682264,12.565507364884745,21.73914035030947,15.92263360142985,13.14052657856094,13.14052657856094,21.771833333333333
2023-11-18,0.279637380388838,15.776495332458762,12.471524966038512,12.576468603118995,21.745921952545977,15.907654155495978,13.097419383259911,13.097419383259911,21.766333333333332
2023-11-19,0.2699567356557116,15.775259543629385,12.469917583347566,12.576509587340528,21.743919233487038,15.89516979445934,13.058049339207049,13.058049339207049,21.766333333333332
2023-11-20,0.26702405776725424,15.772396037798094,12.463657701361987,12.57532935431607,21.733420052809503,15.885347184986594,13.020749779735684,13.020749779735684,21.766333333333332
2023-11-21,0.2660636433114679,15.771626617056128,12.45196663199128,12.569486791591663,21.721824026980492,15.876019660411082,12.986520704845814,12.986520704845814,21.766333333333332
2023-11-22,0.26634747061921704,15.780807991047839,12.460055928283044,12.577875258327843,21.73702214850024,15.872187220732798,12.954362114537446,12.954362114537446,21.76633333333333
2023-11-23,0.2670490092307533,15.781461761012705,12.44651790663373,12.563278926547186,21.731024955701894,15.869683199285078,12.924274008810574,12.924274008810574,21.76633333333333
2023-11-24,0.2665628557207158,15.781068539335392,12.44712036966224,12.568109139890336,21.729479402719964,15.867174262734585,12.894923054331866,12.894923054331866,21.766333333333332
2023-11-25,0.26659406524671414,15.779830144831909,12.454248159655926,12.576223100790127,21.733030506262452,15.864993744414656,12.863809251101321,12.863809251101321,21.76083333333333
2023-11-26,0.27233866895915626,15.779493160487826,12.442578509830824,12.56616084052994,21.72244158602845,15.862641644325292,12.829432599118942,12.829432599118942,21.749833333333335
2023-11-27,0.2826705619469231,15.77981998911844,12.409315410341803,12.539325789499555,21.68954520598077,15.860125111706882,12.795126431718064,12.795126431718064,21.74
2023-11-28,0.29019313261547686,15.77973124509036,12.399024758531894,12.531458514098803,21.677929959900005,15.857565683646113,12.772057415565344,12.772057415565344,21.74
2023-11-29,0.29296164440875205,15.779876793704277,12.383695227779894,12.51950767354017,21.661125141796962,15.855006255585344,12.757925550660792,12.757925550660792,21.74
